Data,À vista R$,À vista US$
02/01/2014,"281,71","117,82"
03/01/2014,"288,81","121,55"
06/01/2014,"292,39","123,01"
07/01/2014,"291,20","122,61"
08/01/2014,"298,69","124,97"
09/01/2014,"293,06","122,26"
10/01/2014,"292,01","123,47"
13/01/2014,"290,60","123,40"
14/01/2014,"289,07","122,69"
15/01/2014,"286,32","121,53"
16/01/2014,"290,75","123,04"
17/01/2014,"288,66","122,89"
20/01/2014,"285,86","122,21"
21/01/2014,"286,59","121,33"
22/01/2014,"284,89","120,26"
23/01/2014,"287,14","119,64"
24/01/2014,"285,03","118,91"
27/01/2014,"284,22","117,35"
28/01/2014,"284,06","117,04"
29/01/2014,"288,49","118,43"
30/01/2014,"294,70","121,98"
31/01/2014,"303,32","125,44"
03/02/2014,"324,65","133,33"
04/02/2014,"339,41","140,72"
05/02/2014,"351,97","146,66"
06/02/2014,"346,52","145,41"
07/02/2014,"344,69","144,89"
10/02/2014,"341,16","141,74"
11/02/2014,"341,96","142,31"
12/02/2014,"344,38","142,13"
13/02/2014,"338,85","140,83"
14/02/2014,"341,38","143,20"
17/02/2014,"340,42","142,61"
18/02/2014,"369,78","154,53"
19/02/2014,"387,99","162,20"
20/02/2014,"386,19","162,67"
21/02/2014,"388,45","164,87"
24/02/2014,"410,08","174,95"
25/02/2014,"405,46","173,35"
26/02/2014,"404,16","171,69"
27/02/2014,"406,28","174,97"
28/02/2014,"412,67","176,20"
05/03/2014,"447,63","193,11"
06/03/2014,"441,77","190,58"
07/03/2014,"447,24","190,40"
10/03/2014,"472,22","200,77"
11/03/2014,"485,01","205,25"
12/03/2014,"483,97","205,07"
13/03/2014,"485,62","205,33"
14/03/2014,"476,82","202,82"
17/03/2014,"469,91","200,05"
18/03/2014,"464,75","198,52"
19/03/2014,"455,77","193,78"
20/03/2014,"411,42","176,57"
21/03/2014,"387,29","166,65"
24/03/2014,"397,27","171,16"
25/03/2014,"393,57","170,60"
26/03/2014,"393,91","170,53"
27/03/2014,"397,58","175,38"
28/03/2014,"399,40","176,57"
31/03/2014,"396,35","174,84"
01/04/2014,"393,32","173,57"
02/04/2014,"391,08","172,13"
03/04/2014,"392,33","172,23"
04/04/2014,"415,34","185,09"
07/04/2014,"424,29","191,38"
08/04/2014,"442,29","200,58"
09/04/2014,"447,57","203,63"
10/04/2014,"463,25","210,47"
11/04/2014,"458,44","206,50"
14/04/2014,"457,27","206,26"
15/04/2014,"438,77","196,14"
16/04/2014,"444,12","198,18"
17/04/2014,"473,80","211,52"
22/04/2014,"491,28","219,13"
23/04/2014,"494,95","222,65"
24/04/2014,"488,05","220,14"
25/04/2014,"464,33","207,10"
28/04/2014,"466,13","209,31"
29/04/2014,"471,84","212,25"
30/04/2014,"470,59","210,65"
02/05/2014,"465,84","209,75"
05/05/2014,"469,72","209,04"
06/05/2014,"464,03","208,36"
07/05/2014,"467,19","210,45"
08/05/2014,"457,59","206,96"
09/05/2014,"428,42","193,24"
12/05/2014,"430,40","193,96"
13/05/2014,"422,25","190,63"
14/05/2014,"422,99","191,66"
15/05/2014,"443,67","199,67"
16/05/2014,"426,71","192,82"
19/05/2014,"421,52","190,91"
20/05/2014,"418,93","188,88"
21/05/2014,"400,16","181,15"
22/05/2014,"403,97","182,30"
23/05/2014,"415,03","186,61"
26/05/2014,"418,62","188,23"
27/05/2014,"413,00","184,29"
28/05/2014,"406,10","181,86"
29/05/2014,"415,00","186,60"
30/05/2014,"403,70","180,22"
02/06/2014,"396,77","174,56"
03/06/2014,"400,22","175,61"
04/06/2014,"397,59","174,08"
05/06/2014,"401,37","177,28"
06/06/2014,"402,05","178,85"
09/06/2014,"384,60","172,54"
10/06/2014,"384,16","172,50"
11/06/2014,"401,19","179,42"
12/06/2014,"399,06","178,71"
13/06/2014,"399,45","179,13"
16/06/2014,"398,10","178,04"
17/06/2014,"391,06","173,34"
18/06/2014,"387,72","173,87"
20/06/2014,"396,18","177,58"
23/06/2014,"399,45","180,09"
24/06/2014,"399,41","179,43"
25/06/2014,"406,40","184,23"
26/06/2014,"399,76","181,87"
27/06/2014,"388,37","176,69"
30/06/2014,"401,77","181,63"
01/07/2014,"378,89","171,83"
02/07/2014,"381,44","171,51"
03/07/2014,"391,18","176,68"
04/07/2014,"386,79","174,62"
07/07/2014,"387,79","174,29"
08/07/2014,"387,61","175,07"
09/07/2014,"388,74","175,35"
10/07/2014,"371,48","167,26"
11/07/2014,"364,29","163,95"
14/07/2014,"369,80","167,11"
15/07/2014,"368,06","165,64"
16/07/2014,"367,49","165,39"
17/07/2014,"375,37","166,83"
18/07/2014,"387,17","173,62"
21/07/2014,"386,86","174,03"
22/07/2014,"379,47","171,63"
23/07/2014,"396,10","178,42"
24/07/2014,"399,87","180,12"
25/07/2014,"398,04","178,66"
28/07/2014,"403,26","181,40"
29/07/2014,"403,41","180,90"
30/07/2014,"416,01","185,06"
31/07/2014,"431,89","190,26"
01/08/2014,"464,70","205,53"
04/08/2014,"438,69","194,20"
05/08/2014,"437,34","191,40"
06/08/2014,"445,44","195,97"
07/08/2014,"433,60","188,77"
08/08/2014,"416,91","182,46"
11/08/2014,"441,68","194,23"
12/08/2014,"429,53","188,47"
13/08/2014,"429,96","188,41"
14/08/2014,"435,01","191,55"
15/08/2014,"441,83","195,15"
18/08/2014,"436,83","193,46"
19/08/2014,"416,98","185,24"
20/08/2014,"420,33","185,99"
21/08/2014,"422,83","186,60"
22/08/2014,"422,18","185,17"
25/08/2014,"427,83","187,15"
26/08/2014,"448,44","197,90"
27/08/2014,"457,56","203,09"
28/08/2014,"457,83","204,12"
29/08/2014,"455,54","203,18"
01/09/2014,"452,84","201,98"
02/09/2014,"461,74","205,77"
03/09/2014,"448,50","200,67"
04/09/2014,"448,29","199,77"
05/09/2014,"446,96","199,27"
08/09/2014,"427,30","188,57"
09/09/2014,"427,74","186,95"
10/09/2014,"406,62","177,56"
11/09/2014,"421,98","184,11"
12/09/2014,"424,00","181,35"
15/09/2014,"419,25","179,01"
16/09/2014,"424,26","182,16"
17/09/2014,"424,15","180,11"
18/09/2014,"419,53","177,39"
19/09/2014,"412,89","173,63"
22/09/2014,"417,73","174,42"
23/09/2014,"425,37","176,65"
24/09/2014,"434,56","182,21"
25/09/2014,"419,34","172,57"
26/09/2014,"443,94","183,90"
29/09/2014,"459,63","187,53"
30/09/2014,"470,88","192,20"
01/10/2014,"479,62","193,08"
02/10/2014,"496,99","199,76"
03/10/2014,"501,20","202,67"
06/10/2014,"510,23","210,06"
07/10/2014,"508,68","211,42"
08/10/2014,"504,05","211,70"
09/10/2014,"511,05","214,01"
10/10/2014,"507,07","209,70"
13/10/2014,"503,09","210,59"
14/10/2014,"507,69","211,36"
15/10/2014,"498,88","204,63"
16/10/2014,"508,38","205,91"
17/10/2014,"493,18","202,46"
20/10/2014,"471,64","191,57"
21/10/2014,"462,02","186,75"
22/10/2014,"459,51","184,69"
23/10/2014,"457,21","182,23"
24/10/2014,"446,22","181,17"
27/10/2014,"446,78","176,87"
28/10/2014,"448,63","181,49"
29/10/2014,"438,83","178,02"
30/10/2014,"439,08","181,96"
31/10/2014,"442,90","179,17"
03/11/2014,"435,76","174,10"
04/11/2014,"442,75","176,47"
05/11/2014,"441,49","175,68"
06/11/2014,"440,54","172,76"
07/11/2014,"451,07","175,79"
10/11/2014,"449,46","175,91"
11/11/2014,"453,57","176,97"
12/11/2014,"453,99","177,34"
13/11/2014,"464,89","179,08"
14/11/2014,"478,06","184,29"
17/11/2014,"462,71","177,83"
18/11/2014,"468,05","180,78"
19/11/2014,"495,93","192,22"
20/11/2014,"473,98","184,29"
21/11/2014,"466,54","185,58"
24/11/2014,"479,06","187,86"
25/11/2014,"480,16","189,19"
26/11/2014,"468,61","187,07"
27/11/2014,"464,07","184,23"
28/11/2014,"448,50","174,72"
01/12/2014,"455,46","178,40"
02/12/2014,"459,18","178,39"
03/12/2014,"466,72","182,67"
04/12/2014,"459,55","177,71"
05/12/2014,"453,81","174,81"
08/12/2014,"447,22","171,28"
09/12/2014,"454,94","175,31"
10/12/2014,"453,04","173,44"
11/12/2014,"452,62","170,74"
12/12/2014,"452,87","170,32"
15/12/2014,"454,43","169,12"
16/12/2014,"453,18","165,33"
17/12/2014,"451,11","166,95"
18/12/2014,"458,60","172,79"
19/12/2014,"459,69","173,08"
22/12/2014,"457,14","171,73"
23/12/2014,"452,20","167,05"
26/12/2014,"450,29","168,21"
29/12/2014,"457,85","169,32"
30/12/2014,"454,13","171,05"
02/01/2015,"450,59","167,38"
05/01/2015,"459,38","169,14"
06/01/2015,"469,24","173,92"
07/01/2015,"472,96","174,72"
08/01/2015,"493,53","184,98"
09/01/2015,"493,90","187,16"
12/01/2015,"499,31","187,15"
13/01/2015,"490,92","186,45"
14/01/2015,"494,51","188,74"
15/01/2015,"490,22","186,11"
16/01/2015,"476,20","181,69"
19/01/2015,"472,64","178,35"
20/01/2015,"452,19","172,86"
21/01/2015,"447,34","171,66"
22/01/2015,"440,45","170,98"
23/01/2015,"442,78","171,49"
26/01/2015,"442,19","170,93"
27/01/2015,"449,05","174,66"
28/01/2015,"455,93","177,06"
29/01/2015,"445,68","170,89"
30/01/2015,"445,43","165,90"
02/02/2015,"456,06","168,10"
03/02/2015,"442,69","164,33"
04/02/2015,"469,05","170,75"
05/02/2015,"475,12","173,27"
06/02/2015,"482,90","174,21"
09/02/2015,"483,60","173,96"
10/02/2015,"463,80","163,83"
11/02/2015,"475,00","165,51"
12/02/2015,"482,45","170,42"
13/02/2015,"487,83","172,07"
18/02/2015,"455,34","160,11"
19/02/2015,"451,33","157,53"
20/02/2015,"462,52","161,05"
23/02/2015,"450,66","156,81"
24/02/2015,"446,11","157,41"
25/02/2015,"432,93","150,90"
26/02/2015,"430,49","149,58"
27/02/2015,"432,00","151,26"
02/03/2015,"432,40","149,47"
03/03/2015,"425,34","145,71"
04/03/2015,"431,45","144,83"
05/03/2015,"428,64","142,45"
06/03/2015,"442,03","144,93"
09/03/2015,"435,25","139,37"
10/03/2015,"429,29","138,08"
11/03/2015,"429,07","137,30"
12/03/2015,"432,05","136,98"
13/03/2015,"431,77","132,44"
16/03/2015,"462,50","142,48"
17/03/2015,"462,46","142,47"
18/03/2015,"468,08","145,59"
19/03/2015,"482,39","146,40"
20/03/2015,"470,81","145,45"
23/03/2015,"457,53","145,20"
24/03/2015,"452,37","144,76"
25/03/2015,"458,58","143,44"
26/03/2015,"458,89","143,94"
27/03/2015,"458,58","141,71"
30/03/2015,"441,23","137,07"
31/03/2015,"445,53","139,23"
01/04/2015,"451,70","142,36"
02/04/2015,"463,88","148,35"
06/04/2015,"470,14","150,45"
07/04/2015,"461,30","147,71"
08/04/2015,"445,40","145,79"
09/04/2015,"442,39","144,19"
10/04/2015,"438,67","142,10"
13/04/2015,"439,04","140,72"
14/04/2015,"442,60","144,54"
15/04/2015,"445,87","146,67"
16/04/2015,"450,22","149,57"
17/04/2015,"452,44","148,63"
20/04/2015,"452,78","149,73"
22/04/2015,"456,47","151,55"
23/04/2015,"450,88","151,41"
24/04/2015,"442,68","149,70"
27/04/2015,"418,76","143,46"
28/04/2015,"426,30","145,00"
29/04/2015,"426,49","144,38"
30/04/2015,"435,70","144,75"
04/05/2015,"430,33","139,40"
05/05/2015,"432,85","140,86"
06/05/2015,"420,12","138,02"
07/05/2015,"421,97","139,54"
08/05/2015,"430,66","144,42"
11/05/2015,"426,87","140,00"
12/05/2015,"427,30","141,30"
13/05/2015,"426,77","140,43"
14/05/2015,"425,47","142,01"
15/05/2015,"428,58","143,05"
18/05/2015,"436,32","144,52"
19/05/2015,"431,29","141,92"
20/05/2015,"427,77","142,35"
21/05/2015,"415,64","136,68"
22/05/2015,"414,66","134,28"
25/05/2015,"410,75","132,54"
26/05/2015,"402,21","127,60"
27/05/2015,"408,47","129,88"
28/05/2015,"409,83","129,65"
29/05/2015,"411,05","129,06"
01/06/2015,"427,67","134,66"
02/06/2015,"437,57","139,62"
03/06/2015,"438,46","139,99"
05/06/2015,"436,95","138,71"
08/06/2015,"434,76","139,70"
09/06/2015,"434,86","140,37"
10/06/2015,"435,12","139,64"
11/06/2015,"422,78","136,16"
12/06/2015,"429,78","137,97"
15/06/2015,"417,51","133,43"
16/06/2015,"423,90","137,10"
17/06/2015,"411,54","134,45"
18/06/2015,"414,28","135,61"
19/06/2015,"411,06","132,56"
22/06/2015,"415,81","134,96"
23/06/2015,"410,98","133,31"
24/06/2015,"420,75","135,95"
25/06/2015,"423,50","135,74"
26/06/2015,"421,81","134,85"
29/06/2015,"418,28","134,32"
30/06/2015,"417,11","134,16"
01/07/2015,"411,96","131,03"
02/07/2015,"406,83","131,32"
03/07/2015,"407,45","129,93"
06/07/2015,"403,67","128,19"
07/07/2015,"406,54","127,72"
08/07/2015,"411,38","127,44"
09/07/2015,"409,94","127,55"
10/07/2015,"411,60","130,00"
13/07/2015,"415,93","132,76"
14/07/2015,"422,31","134,58"
15/07/2015,"417,61","133,29"
16/07/2015,"416,93","132,23"
17/07/2015,"416,89","130,61"
20/07/2015,"411,61","128,67"
21/07/2015,"411,85","130,00"
22/07/2015,"412,49","127,82"
23/07/2015,"410,43","124,71"
24/07/2015,"414,60","123,80"
27/07/2015,"414,49","123,32"
28/07/2015,"413,58","122,72"
29/07/2015,"421,51","126,58"
30/07/2015,"428,62","126,81"
31/07/2015,"435,24","127,38"
03/08/2015,"432,57","125,35"
04/08/2015,"437,44","126,43"
05/08/2015,"437,96","125,53"
06/08/2015,"444,17","125,61"
07/08/2015,"451,64","128,67"
10/08/2015,"462,24","133,98"
11/08/2015,"478,23","136,64"
12/08/2015,"465,76","134,11"
13/08/2015,"476,60","135,86"
14/08/2015,"482,93","138,57"
17/08/2015,"482,37","138,41"
18/08/2015,"477,41","137,70"
19/08/2015,"464,27","133,37"
20/08/2015,"461,87","133,80"
21/08/2015,"449,21","128,60"
24/08/2015,"437,59","122,95"
25/08/2015,"437,12","121,69"
26/08/2015,"440,97","122,39"
27/08/2015,"448,55","125,89"
28/08/2015,"440,65","122,98"
31/08/2015,"445,05","122,50"
01/09/2015,"447,78","121,32"
02/09/2015,"448,11","119,40"
03/09/2015,"451,98","120,40"
04/09/2015,"453,33","117,75"
08/09/2015,"446,80","117,02"
09/09/2015,"452,50","119,14"
10/09/2015,"440,74","114,12"
11/09/2015,"442,83","114,16"
14/09/2015,"458,96","120,18"
15/09/2015,"450,97","116,95"
16/09/2015,"455,47","118,83"
17/09/2015,"457,11","118,36"
18/09/2015,"456,27","115,51"
21/09/2015,"453,23","113,96"
22/09/2015,"452,41","111,71"
23/09/2015,"464,00","112,21"
24/09/2015,"472,24","116,72"
25/09/2015,"476,73","120,11"
28/09/2015,"465,85","114,18"
29/09/2015,"475,83","117,11"
30/09/2015,"472,90","119,00"
01/10/2015,"475,93","119,28"
02/10/2015,"478,70","121,41"
05/10/2015,"487,84","125,02"
06/10/2015,"484,52","126,05"
07/10/2015,"473,73","122,22"
08/10/2015,"481,37","126,34"
09/10/2015,"489,05","130,38"
13/10/2015,"497,26","128,42"
14/10/2015,"498,97","130,65"
15/10/2015,"500,81","131,79"
16/10/2015,"479,95","124,99"
19/10/2015,"474,27","121,95"
20/10/2015,"473,42","121,20"
21/10/2015,"469,62","119,04"
22/10/2015,"469,24","119,52"
23/10/2015,"467,28","120,31"
26/10/2015,"463,68","118,53"
27/10/2015,"465,22","119,35"
28/10/2015,"468,66","119,47"
29/10/2015,"468,79","121,51"
30/10/2015,"471,99","122,15"
03/11/2015,"469,63","124,79"
04/11/2015,"474,53","124,88"
05/11/2015,"474,14","125,47"
06/11/2015,"466,35","123,37"
09/11/2015,"469,59","123,54"
10/11/2015,"468,90","123,65"
11/11/2015,"469,27","124,44"
12/11/2015,"465,34","123,69"
13/11/2015,"458,27","119,65"
16/11/2015,"463,14","121,43"
17/11/2015,"461,93","120,86"
18/11/2015,"461,94","122,30"
19/11/2015,"470,87","125,87"
20/11/2015,"479,07","129,58"
23/11/2015,"470,45","126,06"
24/11/2015,"474,00","128,21"
25/11/2015,"475,54","126,78"
26/11/2015,"475,69","126,85"
27/11/2015,"473,70","124,46"
30/11/2015,"465,53","119,83"
01/12/2015,"463,61","120,01"
02/12/2015,"466,82","121,41"
03/12/2015,"474,45","126,52"
04/12/2015,"483,65","129,60"
07/12/2015,"480,30","127,54"
08/12/2015,"480,31","126,03"
09/12/2015,"483,48","129,17"
10/12/2015,"483,23","126,97"
11/12/2015,"476,79","123,33"
14/12/2015,"475,78","122,34"
15/12/2015,"472,10","121,64"
16/12/2015,"477,31","121,70"
17/12/2015,"476,53","122,44"
18/12/2015,"480,74","121,80"
21/12/2015,"479,85","119,54"
22/12/2015,"484,78","121,41"
23/12/2015,"485,31","122,80"
28/12/2015,"481,44","124,50"
29/12/2015,"484,35","124,83"
30/12/2015,"495,55","125,17"
04/01/2016,"496,87","122,74"
05/01/2016,"504,26","126,32"
06/01/2016,"497,49","123,81"
07/01/2016,"496,31","122,73"
08/01/2016,"502,60","124,59"
11/01/2016,"483,32","119,37"
12/01/2016,"483,77","119,75"
13/01/2016,"490,33","122,55"
14/01/2016,"478,71","119,86"
15/01/2016,"480,13","118,55"
18/01/2016,"481,87","119,54"
19/01/2016,"483,69","119,46"
20/01/2016,"475,22","115,46"
21/01/2016,"488,15","117,54"
22/01/2016,"494,29","120,35"
25/01/2016,"495,71","120,74"
26/01/2016,"497,31","122,34"
27/01/2016,"498,26","122,03"
28/01/2016,"500,75","122,97"
29/01/2016,"497,22","123,53"
01/02/2016,"492,63","124,09"
02/02/2016,"499,13","125,35"
03/02/2016,"496,98","126,72"
04/02/2016,"499,49","128,37"
05/02/2016,"496,82","126,97"
10/02/2016,"482,28","122,56"
11/02/2016,"482,19","121,25"
12/02/2016,"490,88","122,87"
15/02/2016,"487,98","122,24"
16/02/2016,"489,23","120,38"
17/02/2016,"487,04","122,52"
18/02/2016,"487,77","120,79"
19/02/2016,"491,55","121,70"
22/02/2016,"494,61","125,44"
23/02/2016,"494,74","124,93"
24/02/2016,"482,08","121,92"
25/02/2016,"485,61","123,22"
26/02/2016,"485,04","121,41"
29/02/2016,"480,61","120,27"
01/03/2016,"477,33","121,03"
02/03/2016,"477,77","122,76"
03/03/2016,"479,70","125,77"
04/03/2016,"479,04","127,10"
07/03/2016,"482,23","127,30"
08/03/2016,"483,18","128,75"
09/03/2016,"486,83","131,58"
10/03/2016,"482,98","132,61"
11/03/2016,"490,55","136,15"
14/03/2016,"493,15","135,30"
15/03/2016,"496,42","132,17"
16/03/2016,"504,17","134,48"
17/03/2016,"509,09","139,67"
18/03/2016,"507,60","141,39"
21/03/2016,"499,54","138,34"
22/03/2016,"505,38","140,74"
23/03/2016,"495,81","134,95"
24/03/2016,"495,90","134,39"
28/03/2016,"492,74","135,78"
29/03/2016,"490,53","135,02"
30/03/2016,"486,32","134,31"
31/03/2016,"487,18","135,18"
01/04/2016,"485,07","135,91"
04/04/2016,"473,75","131,49"
05/04/2016,"472,65","128,79"
06/04/2016,"471,81","129,33"
07/04/2016,"473,11","128,25"
08/04/2016,"471,94","130,98"
11/04/2016,"470,80","134,67"
12/04/2016,"469,64","133,69"
13/04/2016,"463,87","132,92"
14/04/2016,"465,86","133,79"
15/04/2016,"464,92","132,30"
18/04/2016,"470,38","130,52"
19/04/2016,"468,32","132,48"
20/04/2016,"467,94","132,56"
22/04/2016,"459,57","128,62"
25/04/2016,"460,67","129,77"
26/04/2016,"463,14","131,46"
27/04/2016,"456,78","129,69"
28/04/2016,"453,76","129,79"
29/04/2016,"450,15","130,90"
02/05/2016,"451,72","129,39"
03/05/2016,"453,94","127,33"
04/05/2016,"453,06","128,20"
05/05/2016,"455,15","128,36"
06/05/2016,"460,34","131,60"
09/05/2016,"464,17","131,64"
10/05/2016,"465,61","134,18"
11/05/2016,"466,44","135,36"
12/05/2016,"469,06","135,18"
13/05/2016,"468,37","133,02"
16/05/2016,"475,14","135,91"
17/05/2016,"475,54","136,34"
18/05/2016,"469,40","131,85"
19/05/2016,"458,79","128,55"
20/05/2016,"452,58","127,85"
23/05/2016,"455,09","127,08"
24/05/2016,"454,25","126,85"
25/05/2016,"452,57","125,82"
27/05/2016,"454,06","125,92"
30/05/2016,"455,25","127,34"
31/05/2016,"457,17","126,36"
01/06/2016,"458,16","127,52"
02/06/2016,"460,72","128,55"
03/06/2016,"467,25","132,48"
06/06/2016,"477,19","136,61"
07/06/2016,"480,08","139,19"
08/06/2016,"488,18","144,82"
09/06/2016,"475,46","140,01"
10/06/2016,"483,06","140,92"
13/06/2016,"488,02","140,28"
14/06/2016,"486,32","139,35"
15/06/2016,"492,52","142,18"
16/06/2016,"494,84","142,65"
17/06/2016,"492,98","144,06"
20/06/2016,"481,96","141,88"
21/06/2016,"486,28","142,98"
22/06/2016,"489,42","144,97"
23/06/2016,"496,64","148,29"
24/06/2016,"487,75","144,56"
27/06/2016,"488,57","143,82"
28/06/2016,"493,03","149,27"
29/06/2016,"498,35","154,00"
30/06/2016,"500,41","155,70"
01/07/2016,"502,27","155,45"
04/07/2016,"502,05","153,81"
05/07/2016,"500,88","151,74"
06/07/2016,"494,59","148,26"
07/07/2016,"498,33","148,40"
08/07/2016,"498,74","151,69"
11/07/2016,"510,12","154,16"
12/07/2016,"505,64","153,74"
13/07/2016,"507,58","154,85"
14/07/2016,"510,01","156,83"
15/07/2016,"503,56","154,85"
18/07/2016,"503,21","154,88"
19/07/2016,"501,26","153,90"
20/07/2016,"501,38","154,32"
21/07/2016,"502,54","153,03"
22/07/2016,"485,45","148,91"
25/07/2016,"484,70","147,32"
26/07/2016,"487,23","148,95"
27/07/2016,"485,63","148,74"
28/07/2016,"489,49","148,65"
29/07/2016,"494,19","152,58"
01/08/2016,"489,81","149,70"
02/08/2016,"490,05","149,95"
03/08/2016,"486,70","150,31"
04/08/2016,"481,93","150,65"
05/08/2016,"484,60","153,11"
08/08/2016,"483,70","152,83"
09/08/2016,"476,01","151,74"
10/08/2016,"471,52","150,98"
11/08/2016,"466,18","148,56"
12/08/2016,"471,13","147,83"
15/08/2016,"469,15","147,49"
16/08/2016,"468,44","147,08"
17/08/2016,"468,42","145,92"
18/08/2016,"472,40","145,85"
19/08/2016,"475,34","148,08"
22/08/2016,"480,52","150,02"
23/08/2016,"487,62","150,87"
24/08/2016,"471,89","146,37"
25/08/2016,"481,09","149,04"
26/08/2016,"482,49","147,55"
29/08/2016,"483,21","149,46"
30/08/2016,"489,21","150,76"
31/08/2016,"486,45","150,93"
01/09/2016,"501,02","154,25"
02/09/2016,"499,92","153,87"
05/09/2016,"498,64","152,12"
06/09/2016,"498,62","155,38"
08/09/2016,"501,36","156,14"
09/09/2016,"499,16","152,37"
12/09/2016,"496,81","153,10"
13/09/2016,"498,60","150,41"
14/09/2016,"499,14","149,53"
15/09/2016,"502,93","152,13"
16/09/2016,"500,98","153,49"
19/09/2016,"508,03","155,27"
20/09/2016,"514,24","158,13"
21/09/2016,"509,65","158,62"
22/09/2016,"510,68","158,65"
23/09/2016,"496,42","153,36"
26/09/2016,"504,65","155,47"
27/09/2016,"506,98","157,01"
28/09/2016,"508,50","157,67"
29/09/2016,"502,48","154,28"
30/09/2016,"503,07","154,74"
03/10/2016,"492,44","153,89"
04/10/2016,"497,11","152,72"
05/10/2016,"496,75","154,22"
06/10/2016,"492,05","152,62"
07/10/2016,"491,59","152,91"
10/10/2016,"505,54","157,78"
11/10/2016,"503,77","157,53"
13/10/2016,"498,77","156,90"
14/10/2016,"509,27","159,00"
17/10/2016,"510,46","159,32"
18/10/2016,"515,16","161,95"
19/10/2016,"512,61","161,71"
20/10/2016,"507,50","161,73"
21/10/2016,"509,61","161,02"
24/10/2016,"512,09","164,18"
25/10/2016,"526,71","169,47"
26/10/2016,"529,03","168,32"
27/10/2016,"535,27","169,77"
28/10/2016,"540,40","169,03"
31/10/2016,"535,30","168,07"
01/11/2016,"538,88","166,32"
03/11/2016,"547,52","169,20"
04/11/2016,"567,17","176,14"
07/11/2016,"577,74","180,26"
08/11/2016,"561,69","177,08"
09/11/2016,"562,56","175,03"
10/11/2016,"562,61","167,29"
11/11/2016,"563,29","165,29"
14/11/2016,"563,25","163,69"
16/11/2016,"564,72","164,74"
17/11/2016,"564,63","165,14"
18/11/2016,"567,32","167,80"
21/11/2016,"556,05","165,89"
22/11/2016,"559,99","166,76"
23/11/2016,"550,79","162,52"
24/11/2016,"552,63","163,06"
25/11/2016,"549,78","161,08"
28/11/2016,"549,13","162,32"
29/11/2016,"539,71","158,88"
30/11/2016,"535,43","158,13"
01/12/2016,"526,27","151,62"
02/12/2016,"528,18","152,48"
05/12/2016,"521,71","152,19"
06/12/2016,"518,86","152,29"
07/12/2016,"511,02","149,73"
08/12/2016,"511,50","151,15"
09/12/2016,"500,74","148,72"
12/12/2016,"497,76","148,76"
13/12/2016,"502,75","151,25"
14/12/2016,"501,93","150,23"
15/12/2016,"497,37","147,46"
16/12/2016,"492,98","145,38"
19/12/2016,"499,42","148,11"
20/12/2016,"502,71","150,20"
21/12/2016,"502,75","151,07"
22/12/2016,"494,76","150,06"
23/12/2016,"490,23","149,87"
26/12/2016,"489,13","149,31"
27/12/2016,"479,45","146,35"
28/12/2016,"482,62","147,05"
29/12/2016,"485,67","149,48"
02/01/2017,"481,58","146,60"
03/01/2017,"472,28","145,01"
04/01/2017,"491,74","152,62"
05/01/2017,"501,39","156,78"
06/01/2017,"505,41","156,86"
09/01/2017,"504,40","157,87"
10/01/2017,"509,37","159,48"
11/01/2017,"513,61","161,31"
12/01/2017,"515,74","162,64"
13/01/2017,"516,55","160,77"
16/01/2017,"515,06","159,17"
17/01/2017,"519,18","161,74"
18/01/2017,"519,45","161,37"
19/01/2017,"521,97","163,27"
20/01/2017,"525,37","165,31"
23/01/2017,"530,42","167,48"
24/01/2017,"528,04","166,63"
25/01/2017,"533,36","168,31"
26/01/2017,"531,80","167,28"
27/01/2017,"532,73","168,96"
30/01/2017,"523,90","168,08"
31/01/2017,"519,75","165,16"
01/02/2017,"522,63","165,97"
02/02/2017,"512,82","164,47"
03/02/2017,"514,46","165,21"
06/02/2017,"507,90","162,58"
07/02/2017,"503,76","161,36"
08/02/2017,"510,37","163,79"
09/02/2017,"513,38","164,02"
10/02/2017,"512,50","164,95"
13/02/2017,"509,94","163,91"
14/02/2017,"505,42","163,20"
15/02/2017,"500,32","163,18"
16/02/2017,"501,31","162,92"
17/02/2017,"503,45","162,82"
20/02/2017,"501,43","162,54"
21/02/2017,"510,59","165,35"
22/02/2017,"510,67","166,40"
23/02/2017,"510,09","166,70"
24/02/2017,"504,73","162,29"
01/03/2017,"492,64","159,22"
02/03/2017,"492,11","156,38"
03/03/2017,"492,31","158,05"
06/03/2017,"490,09","156,83"
07/03/2017,"488,80","156,92"
08/03/2017,"492,72","155,88"
09/03/2017,"491,02","153,78"
10/03/2017,"491,75","156,61"
13/03/2017,"491,01","155,78"
14/03/2017,"490,58","154,46"
15/03/2017,"488,66","156,92"
16/03/2017,"488,43","156,60"
17/03/2017,"488,70","157,70"
20/03/2017,"489,94","159,64"
21/03/2017,"490,45","159,03"
22/03/2017,"484,29","156,47"
23/03/2017,"482,03","153,71"
24/03/2017,"472,83","152,18"
27/03/2017,"474,63","151,59"
28/03/2017,"477,62","152,06"
29/03/2017,"475,10","152,37"
30/03/2017,"475,04","151,43"
31/03/2017,"475,36","152,02"
03/04/2017,"476,12","152,99"
04/04/2017,"474,36","153,12"
05/04/2017,"471,31","151,84"
06/04/2017,"473,39","150,52"
07/04/2017,"473,40","150,10"
10/04/2017,"472,21","150,63"
11/04/2017,"473,86","150,43"
12/04/2017,"474,25","150,65"
13/04/2017,"473,27","150,48"
17/04/2017,"474,58","152,94"
18/04/2017,"479,24","153,60"
19/04/2017,"468,37","149,16"
20/04/2017,"461,71","146,34"
24/04/2017,"455,23","145,35"
25/04/2017,"452,38","143,52"
26/04/2017,"453,92","142,97"
27/04/2017,"452,04","142,38"
28/04/2017,"457,68","144,24"
02/05/2017,"457,39","145,02"
03/05/2017,"460,07","145,78"
04/05/2017,"455,62","143,05"
05/05/2017,"459,44","144,75"
08/05/2017,"462,07","144,53"
09/05/2017,"454,11","142,67"
10/05/2017,"458,39","144,83"
11/05/2017,"454,18","144,09"
12/05/2017,"456,00","145,87"
15/05/2017,"451,94","145,41"
16/05/2017,"444,43","143,46"
17/05/2017,"448,55","143,72"
18/05/2017,"458,21","135,48"
19/05/2017,"457,95","140,47"
22/05/2017,"454,86","138,72"
23/05/2017,"453,75","139,06"
24/05/2017,"453,09","138,18"
25/05/2017,"456,99","138,94"
26/05/2017,"458,95","140,48"
29/05/2017,"457,60","139,94"
30/05/2017,"458,54","140,57"
31/05/2017,"453,01","139,95"
01/06/2017,"451,23","138,93"
02/06/2017,"447,03","137,51"
05/06/2017,"455,87","138,65"
06/06/2017,"450,62","137,43"
07/06/2017,"447,75","136,63"
08/06/2017,"451,41","138,34"
09/06/2017,"452,53","137,88"
12/06/2017,"455,24","137,41"
13/06/2017,"451,04","136,47"
14/06/2017,"450,27","136,90"
16/06/2017,"446,42","135,77"
19/06/2017,"447,60","136,09"
20/06/2017,"445,37","133,59"
21/06/2017,"439,65","132,03"
22/06/2017,"424,37","127,36"
23/06/2017,"435,75","130,50"
26/06/2017,"439,36","133,10"
27/06/2017,"441,50","133,06"
28/06/2017,"440,51","134,10"
29/06/2017,"443,49","134,27"
30/06/2017,"445,86","134,62"
03/07/2017,"448,38","135,87"
04/07/2017,"445,81","134,77"
05/07/2017,"452,52","137,38"
06/07/2017,"449,59","136,28"
07/07/2017,"447,23","136,18"
10/07/2017,"446,63","137,00"
11/07/2017,"442,86","136,10"
12/07/2017,"441,40","137,68"
13/07/2017,"450,22","140,17"
14/07/2017,"455,56","143,21"
17/07/2017,"455,10","143,02"
18/07/2017,"451,34","143,05"
19/07/2017,"456,78","145,19"
20/07/2017,"455,07","145,39"
21/07/2017,"455,84","145,26"
24/07/2017,"450,04","143,01"
25/07/2017,"445,67","140,64"
26/07/2017,"452,59","144,14"
27/07/2017,"458,84","145,34"
28/07/2017,"464,11","148,14"
31/07/2017,"464,41","149,04"
01/08/2017,"460,07","147,36"
02/08/2017,"467,19","149,64"
03/08/2017,"468,48","150,44"
04/08/2017,"467,85","149,71"
07/08/2017,"473,49","151,61"
08/08/2017,"478,66","153,22"
09/08/2017,"478,06","151,81"
10/08/2017,"471,79","148,92"
11/08/2017,"473,88","149,49"
14/08/2017,"466,94","146,33"
15/08/2017,"459,26","144,60"
16/08/2017,"455,78","144,65"
17/08/2017,"450,61","141,74"
18/08/2017,"451,73","143,64"
21/08/2017,"448,64","141,62"
22/08/2017,"448,96","141,76"
23/08/2017,"446,41","142,30"
24/08/2017,"443,36","141,02"
25/08/2017,"448,86","142,36"
28/08/2017,"451,59","142,86"
29/08/2017,"448,87","142,00"
30/08/2017,"445,43","141,00"
31/08/2017,"445,72","141,50"
01/09/2017,"445,47","141,73"
04/09/2017,"445,57","142,13"
05/09/2017,"443,98","142,39"
06/09/2017,"445,17","143,46"
08/09/2017,"445,43","144,06"
11/09/2017,"444,12","143,26"
12/09/2017,"448,83","143,44"
13/09/2017,"460,68","147,14"
14/09/2017,"462,28","148,36"
15/09/2017,"468,86","150,52"
18/09/2017,"468,52","149,59"
19/09/2017,"458,90","146,19"
20/09/2017,"461,31","147,29"
21/09/2017,"460,06","146,33"
22/09/2017,"459,69","147,05"
25/09/2017,"451,27","142,99"
26/09/2017,"450,23","142,07"
27/09/2017,"451,26","141,42"
28/09/2017,"449,10","141,18"
29/09/2017,"448,53","141,63"
02/10/2017,"445,10","141,12"
03/10/2017,"442,08","140,52"
04/10/2017,"438,28","140,03"
05/10/2017,"440,47","139,65"
06/10/2017,"448,55","142,08"
09/10/2017,"454,28","142,59"
10/10/2017,"454,45","142,95"
11/10/2017,"445,79","140,80"
13/10/2017,"444,54","141,08"
16/10/2017,"439,72","138,76"
17/10/2017,"440,54","139,06"
18/10/2017,"440,14","139,07"
19/10/2017,"445,65","140,36"
20/10/2017,"446,29","140,03"
23/10/2017,"443,85","137,63"
24/10/2017,"443,15","136,02"
25/10/2017,"444,47","137,05"
26/10/2017,"448,51","136,91"
27/10/2017,"455,06","140,23"
30/10/2017,"452,83","138,10"
31/10/2017,"451,20","137,77"
01/11/2017,"445,63","136,45"
03/11/2017,"446,92","135,43"
06/11/2017,"452,79","138,89"
07/11/2017,"449,09","136,88"
08/11/2017,"449,65","137,97"
09/11/2017,"452,40","138,99"
10/11/2017,"454,08","138,48"
13/11/2017,"455,25","138,16"
14/11/2017,"457,89","138,50"
16/11/2017,"453,72","138,50"
17/11/2017,"452,30","138,74"
20/11/2017,"449,03","137,64"
21/11/2017,"452,97","139,37"
22/11/2017,"451,73","139,64"
23/11/2017,"451,47","140,17"
24/11/2017,"454,06","140,62"
27/11/2017,"454,18","141,14"
28/11/2017,"457,98","142,63"
29/11/2017,"460,12","141,75"
30/11/2017,"456,27","139,23"
01/12/2017,"458,94","140,87"
04/12/2017,"454,98","140,30"
05/12/2017,"455,35","140,97"
06/12/2017,"452,54","139,63"
07/12/2017,"447,65","136,15"
08/12/2017,"443,60","134,42"
11/12/2017,"445,61","135,07"
12/12/2017,"440,83","132,50"
13/12/2017,"443,50","133,95"
14/12/2017,"445,64","133,39"
15/12/2017,"444,19","134,36"
18/12/2017,"445,45","135,11"
19/12/2017,"445,94","135,09"
20/12/2017,"447,15","135,87"
21/12/2017,"445,62","134,63"
22/12/2017,"443,34","133,14"
26/12/2017,"444,62","134,04"
27/12/2017,"448,24","135,38"
28/12/2017,"446,70","135,00"
02/01/2018,"455,34","139,68"
03/01/2018,"453,41","139,85"
04/01/2018,"454,29","140,78"
05/01/2018,"454,80","140,76"
08/01/2018,"449,10","138,87"
09/01/2018,"448,34","138,04"
10/01/2018,"448,24","138,86"
11/01/2018,"445,41","138,15"
12/01/2018,"443,64","138,29"
15/01/2018,"444,70","138,58"
16/01/2018,"442,55","137,06"
17/01/2018,"445,29","138,50"
18/01/2018,"443,82","138,22"
19/01/2018,"443,86","138,75"
22/01/2018,"445,71","138,94"
23/01/2018,"443,62","136,84"
24/01/2018,"443,31","139,54"
25/01/2018,"441,12","140,53"
26/01/2018,"444,62","141,33"
29/01/2018,"443,88","140,20"
30/01/2018,"442,06","139,14"
31/01/2018,"444,18","139,37"
01/02/2018,"439,89","138,81"
02/02/2018,"439,64","136,87"
05/02/2018,"440,31","135,69"
06/02/2018,"442,67","136,63"
07/02/2018,"442,33","134,94"
08/02/2018,"442,31","134,77"
09/02/2018,"444,83","134,47"
14/02/2018,"442,81","137,09"
15/02/2018,"441,95","136,53"
16/02/2018,"434,47","134,97"
19/02/2018,"433,90","134,17"
20/02/2018,"433,39","133,23"
21/02/2018,"433,90","133,47"
22/02/2018,"435,45","134,15"
23/02/2018,"435,47","134,36"
26/02/2018,"434,37","134,19"
27/02/2018,"435,70","134,18"
28/02/2018,"436,49","134,80"
01/03/2018,"437,48","134,36"
02/03/2018,"437,18","134,47"
05/03/2018,"429,48","132,27"
06/03/2018,"431,90","134,63"
07/03/2018,"432,83","133,38"
08/03/2018,"430,98","132,04"
09/03/2018,"430,28","132,39"
12/03/2018,"429,83","132,05"
13/03/2018,"434,54","133,13"
14/03/2018,"431,57","132,22"
15/03/2018,"426,73","129,67"
16/03/2018,"427,10","130,45"
19/03/2018,"427,36","130,02"
20/03/2018,"426,22","128,85"
21/03/2018,"427,16","130,59"
22/03/2018,"429,91","130,20"
23/03/2018,"424,28","128,03"
26/03/2018,"425,43","128,80"
27/03/2018,"429,78","129,06"
28/03/2018,"428,96","128,82"
29/03/2018,"427,18","129,41"
02/04/2018,"424,46","127,93"
03/04/2018,"426,01","127,70"
04/04/2018,"425,57","127,53"
05/04/2018,"425,44","127,26"
06/04/2018,"428,07","127,02"
09/04/2018,"429,15","126,18"
10/04/2018,"431,07","126,56"
11/04/2018,"429,50","127,11"
12/04/2018,"433,34","127,38"
13/04/2018,"430,78","125,85"
16/04/2018,"428,19","125,13"
17/04/2018,"428,92","126,01"
18/04/2018,"425,59","125,99"
19/04/2018,"427,57","126,16"
20/04/2018,"427,02","125,15"
23/04/2018,"432,81","125,53"
24/04/2018,"437,75","126,19"
25/04/2018,"436,60","125,21"
26/04/2018,"437,32","125,70"
27/04/2018,"439,13","126,84"
30/04/2018,"440,67","125,69"
02/05/2018,"449,30","126,63"
03/05/2018,"453,95","128,74"
04/05/2018,"451,15","128,09"
07/05/2018,"445,31","125,30"
08/05/2018,"447,24","125,24"
09/05/2018,"445,49","123,61"
10/05/2018,"444,31","125,30"
11/05/2018,"448,47","124,47"
14/05/2018,"443,00","122,21"
15/05/2018,"445,21","121,58"
16/05/2018,"445,28","121,07"
17/05/2018,"452,17","122,04"
18/05/2018,"455,80","121,77"
21/05/2018,"458,01","124,22"
22/05/2018,"455,47","125,13"
23/05/2018,"451,98","124,62"
24/05/2018,"454,34","124,61"
25/05/2018,"456,17","124,20"
28/05/2018,"454,95","121,74"
29/05/2018,"457,17","122,04"
30/05/2018,"456,63","122,09"
01/06/2018,"459,52","122,08"
04/06/2018,"458,06","122,48"
05/06/2018,"459,14","120,48"
06/06/2018,"460,50","120,61"
07/06/2018,"465,92","118,86"
08/06/2018,"455,68","122,59"
11/06/2018,"451,09","121,29"
12/06/2018,"455,19","122,49"
13/06/2018,"449,82","121,02"
14/06/2018,"450,93","118,76"
15/06/2018,"449,29","120,71"
18/06/2018,"448,99","119,79"
19/06/2018,"446,42","119,27"
20/06/2018,"446,05","118,10"
21/06/2018,"447,97","118,89"
22/06/2018,"445,34","117,94"
25/06/2018,"449,58","118,87"
26/06/2018,"450,63","118,71"
27/06/2018,"451,51","117,22"
28/06/2018,"450,12","116,55"
29/06/2018,"451,14","116,42"
02/07/2018,"445,88","114,01"
03/07/2018,"445,56","114,45"
04/07/2018,"446,06","114,02"
05/07/2018,"441,79","112,33"
06/07/2018,"443,08","113,43"
09/07/2018,"447,56","115,67"
10/07/2018,"444,53","117,04"
11/07/2018,"444,84","114,65"
12/07/2018,"443,50","114,16"
13/07/2018,"441,86","114,71"
16/07/2018,"444,21","115,05"
17/07/2018,"441,10","114,84"
18/07/2018,"431,85","112,67"
19/07/2018,"434,80","112,47"
20/07/2018,"434,76","114,99"
23/07/2018,"437,73","115,62"
24/07/2018,"434,48","116,05"
25/07/2018,"433,78","117,05"
26/07/2018,"430,71","115,13"
27/07/2018,"432,78","116,56"
30/07/2018,"432,52","116,02"
31/07/2018,"430,02","114,55"
01/08/2018,"426,83","113,70"
02/08/2018,"421,88","112,29"
03/08/2018,"420,04","113,37"
06/08/2018,"421,53","113,04"
07/08/2018,"422,75","112,34"
08/08/2018,"420,56","111,56"
09/08/2018,"423,83","111,54"
10/08/2018,"426,36","110,51"
13/08/2018,"427,63","109,62"
14/08/2018,"426,15","110,23"
15/08/2018,"424,40","108,79"
16/08/2018,"416,55","106,75"
17/08/2018,"415,24","105,95"
20/08/2018,"410,34","103,67"
21/08/2018,"408,01","101,42"
22/08/2018,"408,15","100,58"
23/08/2018,"415,58","100,99"
24/08/2018,"425,50","103,68"
27/08/2018,"426,77","104,47"
28/08/2018,"424,23","102,37"
29/08/2018,"425,67","103,37"
30/08/2018,"426,13","102,43"
31/08/2018,"422,44","103,84"
03/09/2018,"423,40","102,05"
04/09/2018,"421,64","101,48"
05/09/2018,"426,68","103,26"
06/09/2018,"424,50","103,16"
10/09/2018,"421,94","103,04"
11/09/2018,"422,04","101,45"
12/09/2018,"422,52","101,89"
13/09/2018,"422,28","100,59"
14/09/2018,"418,56","100,49"
17/09/2018,"414,08","100,51"
18/09/2018,"412,02","99,74"
19/09/2018,"406,31","98,50"
20/09/2018,"411,32","100,91"
21/09/2018,"409,74","101,42"
24/09/2018,"406,47","99,58"
25/09/2018,"408,78","100,12"
26/09/2018,"403,95","100,36"
27/09/2018,"404,51","101,46"
28/09/2018,"411,69","101,83"
01/10/2018,"417,71","103,91"
02/10/2018,"425,00","108,14"
03/10/2018,"423,86","108,74"
04/10/2018,"425,22","109,28"
05/10/2018,"430,81","111,47"
08/10/2018,"431,79","114,81"
09/10/2018,"433,63","116,88"
10/10/2018,"433,03","115,23"
11/10/2018,"431,12","114,35"
15/10/2018,"449,66","120,36"
16/10/2018,"443,81","119,30"
17/10/2018,"454,49","123,43"
18/10/2018,"455,67","122,85"
19/10/2018,"458,10","123,51"
22/10/2018,"447,39","121,24"
23/10/2018,"456,81","123,53"
24/10/2018,"456,48","122,25"
25/10/2018,"455,90","123,22"
26/10/2018,"453,26","124,25"
29/10/2018,"440,66","118,81"
30/10/2018,"442,26","119,69"
31/10/2018,"440,42","118,74"
01/11/2018,"446,22","120,99"
05/11/2018,"447,45","120,32"
06/11/2018,"445,56","118,69"
07/11/2018,"446,82","119,44"
08/11/2018,"451,11","120,52"
09/11/2018,"445,33","119,20"
12/11/2018,"435,84","116,22"
13/11/2018,"435,63","114,04"
14/11/2018,"444,24","117,28"
16/11/2018,"441,19","118,09"
19/11/2018,"436,39","115,97"
20/11/2018,"440,47","117,17"
21/11/2018,"440,34","116,34"
22/11/2018,"438,82","115,33"
23/11/2018,"435,32","114,08"
26/11/2018,"436,14","111,72"
27/11/2018,"446,30","114,82"
28/11/2018,"443,71","115,52"
29/11/2018,"442,45","114,83"
30/11/2018,"432,54","112,12"
03/12/2018,"432,39","112,92"
04/12/2018,"430,06","111,41"
05/12/2018,"428,08","110,64"
06/12/2018,"429,43","110,42"
07/12/2018,"427,62","110,16"
10/12/2018,"427,61","109,00"
11/12/2018,"419,85","107,21"
12/12/2018,"419,58","108,98"
13/12/2018,"420,01","108,33"
14/12/2018,"418,50","107,23"
17/12/2018,"414,53","106,43"
18/12/2018,"413,37","105,97"
19/12/2018,"412,39","106,45"
20/12/2018,"412,53","107,12"
21/12/2018,"413,10","106,17"
26/12/2018,"417,17","106,45"
27/12/2018,"414,14","106,24"
28/12/2018,"415,45","107,21"
02/01/2019,"407,80","106,89"
03/01/2019,"406,66","108,27"
04/01/2019,"407,57","109,74"
07/01/2019,"405,63","108,78"
08/01/2019,"411,77","110,99"
09/01/2019,"411,99","111,80"
10/01/2019,"409,93","110,22"
11/01/2019,"408,58","109,98"
14/01/2019,"407,67","110,30"
15/01/2019,"402,67","107,98"
16/01/2019,"404,07","108,36"
17/01/2019,"407,61","108,93"
18/01/2019,"415,41","110,57"
21/01/2019,"417,27","110,98"
22/01/2019,"412,64","108,67"
23/01/2019,"413,97","109,89"
24/01/2019,"418,21","110,93"
25/01/2019,"418,56","111,24"
28/01/2019,"413,73","109,92"
29/01/2019,"410,74","110,30"
30/01/2019,"411,55","110,54"
31/01/2019,"415,13","113,70"
01/02/2019,"415,64","113,56"
04/02/2019,"417,87","113,83"
05/02/2019,"418,51","114,25"
06/02/2019,"420,46","113,61"
07/02/2019,"418,48","112,92"
08/02/2019,"418,21","112,00"
11/02/2019,"409,73","108,97"
12/02/2019,"408,98","110,33"
13/02/2019,"408,62","108,88"
14/02/2019,"405,12","108,24"
15/02/2019,"405,26","109,41"
18/02/2019,"404,19","108,24"
19/02/2019,"403,12","108,75"
20/02/2019,"402,51","108,00"
21/02/2019,"401,84","107,07"
22/02/2019,"403,63","108,07"
25/02/2019,"401,42","107,36"
26/02/2019,"396,32","105,74"
27/02/2019,"397,40","106,57"
28/02/2019,"396,68","105,78"
01/03/2019,"398,43","105,57"
06/03/2019,"400,33","104,31"
07/03/2019,"401,27","102,97"
08/03/2019,"403,09","104,21"
11/03/2019,"401,91","104,64"
12/03/2019,"395,58","103,80"
13/03/2019,"398,22","104,60"
14/03/2019,"399,14","103,78"
15/03/2019,"398,96","104,49"
18/03/2019,"395,22","104,31"
19/03/2019,"393,28","103,93"
20/03/2019,"387,99","103,46"
21/03/2019,"388,89","102,50"
22/03/2019,"389,35","99,73"
25/03/2019,"390,88","101,29"
26/03/2019,"392,84","101,59"
27/03/2019,"394,11","99,77"
28/03/2019,"393,99","100,76"
29/03/2019,"393,08","100,40"
01/04/2019,"387,09","99,95"
02/04/2019,"384,58","99,74"
03/04/2019,"392,46","101,41"
04/04/2019,"392,56","101,91"
05/04/2019,"388,85","100,58"
08/04/2019,"385,40","100,18"
09/04/2019,"389,57","101,06"
10/04/2019,"389,32","101,97"
11/04/2019,"376,92","97,70"
12/04/2019,"377,13","97,02"
15/04/2019,"380,58","98,34"
16/04/2019,"381,09","97,79"
17/04/2019,"375,48","95,49"
18/04/2019,"382,11","97,23"
22/04/2019,"383,57","97,57"
23/04/2019,"384,33","97,99"
24/04/2019,"384,41","96,44"
25/04/2019,"384,32","97,20"
26/04/2019,"383,00","97,43"
29/04/2019,"381,97","96,92"
30/04/2019,"386,67","98,67"
02/05/2019,"382,13","96,50"
03/05/2019,"382,47","97,17"
06/05/2019,"381,01","96,29"
07/05/2019,"376,64","94,90"
08/05/2019,"376,58","95,85"
09/05/2019,"380,81","96,43"
10/05/2019,"382,45","97,04"
13/05/2019,"380,66","95,57"
14/05/2019,"383,24","96,46"
15/05/2019,"384,08","96,21"
16/05/2019,"385,13","95,38"
17/05/2019,"384,26","93,72"
20/05/2019,"383,04","93,38"
21/05/2019,"389,37","96,09"
22/05/2019,"388,47","96,11"
23/05/2019,"391,64","96,82"
24/05/2019,"392,17","97,70"
27/05/2019,"391,77","97,14"
28/05/2019,"400,97","99,82"
29/05/2019,"409,81","103,10"
30/05/2019,"414,31","104,20"
31/05/2019,"417,80","106,42"
03/06/2019,"422,55","108,46"
04/06/2019,"427,58","110,83"
05/06/2019,"403,57","103,48"
06/06/2019,"413,84","106,69"
07/06/2019,"411,63","106,31"
10/06/2019,"408,39","105,31"
11/06/2019,"405,25","105,34"
12/06/2019,"407,84","105,71"
13/06/2019,"403,44","104,63"
14/06/2019,"403,38","103,62"
17/06/2019,"401,64","102,96"
18/06/2019,"396,80","102,77"
19/06/2019,"397,42","103,15"
21/06/2019,"402,12","105,27"
24/06/2019,"410,65","107,39"
25/06/2019,"424,04","110,11"
26/06/2019,"423,57","110,08"
27/06/2019,"428,69","111,90"
28/06/2019,"434,39","113,24"
01/07/2019,"440,87","114,66"
02/07/2019,"438,08","113,70"
03/07/2019,"452,92","118,53"
04/07/2019,"451,45","118,99"
05/07/2019,"443,63","116,22"
08/07/2019,"433,20","113,82"
09/07/2019,"432,27","114,18"
10/07/2019,"422,98","112,70"
11/07/2019,"422,18","112,58"
12/07/2019,"421,59","112,69"
15/07/2019,"430,26","114,52"
16/07/2019,"415,95","110,54"
17/07/2019,"422,54","112,41"
18/07/2019,"426,00","114,24"
19/07/2019,"424,77","113,36"
22/07/2019,"415,99","111,29"
23/07/2019,"408,85","108,36"
24/07/2019,"408,96","108,45"
25/07/2019,"408,98","108,11"
26/07/2019,"405,80","107,70"
29/07/2019,"409,25","108,30"
30/07/2019,"405,28","106,82"
31/07/2019,"402,56","105,99"
01/08/2019,"400,70","104,29"
02/08/2019,"407,25","104,85"
05/08/2019,"402,81","101,69"
06/08/2019,"404,66","102,29"
07/08/2019,"407,06","102,38"
08/08/2019,"410,31","104,54"
09/08/2019,"408,13","103,61"
12/08/2019,"402,43","101,16"
13/08/2019,"405,06","102,21"
14/08/2019,"408,46","101,18"
15/08/2019,"409,13","102,46"
16/08/2019,"404,98","101,24"
19/08/2019,"401,37","98,71"
20/08/2019,"405,93","100,48"
21/08/2019,"406,26","100,96"
22/08/2019,"405,64","99,62"
23/08/2019,"409,89","99,56"
26/08/2019,"418,13","100,73"
27/08/2019,"419,23","101,04"
28/08/2019,"422,10","101,57"
29/08/2019,"415,64","99,84"
30/08/2019,"417,18","100,99"
02/09/2019,"417,58","99,85"
03/09/2019,"420,55","100,63"
04/09/2019,"418,66","102,01"
05/09/2019,"415,47","101,31"
06/09/2019,"416,63","102,29"
09/09/2019,"419,61","102,42"
10/09/2019,"431,28","105,22"
11/09/2019,"437,66","107,72"
12/09/2019,"439,65","108,37"
13/09/2019,"438,02","107,07"
16/09/2019,"440,51","107,71"
17/09/2019,"431,94","105,87"
18/09/2019,"432,57","105,22"
19/09/2019,"429,95","103,43"
20/09/2019,"433,00","104,26"
23/09/2019,"432,66","103,73"
24/09/2019,"432,86","103,73"
25/09/2019,"438,21","105,47"
26/09/2019,"437,50","105,17"
27/09/2019,"440,42","106,00"
30/09/2019,"438,49","105,64"
01/10/2019,"439,25","105,51"
02/10/2019,"437,29","105,75"
03/10/2019,"437,18","107,05"
04/10/2019,"426,74","105,08"
07/10/2019,"420,43","102,49"
08/10/2019,"415,74","101,65"
09/10/2019,"415,53","101,50"
10/10/2019,"411,92","99,93"
11/10/2019,"413,72","101,28"
14/10/2019,"414,88","100,53"
15/10/2019,"414,94","99,79"
16/10/2019,"413,31","99,40"
17/10/2019,"414,04","99,53"
18/10/2019,"419,99","102,06"
21/10/2019,"416,03","100,61"
22/10/2019,"422,18","103,65"
23/10/2019,"420,48","104,29"
24/10/2019,"417,81","103,52"
25/10/2019,"424,23","105,85"
28/10/2019,"422,64","105,95"
29/10/2019,"421,58","105,47"
30/10/2019,"424,07","106,31"
31/10/2019,"432,49","107,80"
01/11/2019,"438,38","109,62"
04/11/2019,"436,51","108,91"
05/11/2019,"445,87","111,72"
06/11/2019,"457,37","111,96"
07/11/2019,"462,84","113,22"
08/11/2019,"474,27","114,12"
11/11/2019,"464,62","112,31"
12/11/2019,"464,57","111,41"
13/11/2019,"473,13","113,00"
14/11/2019,"471,21","112,46"
18/11/2019,"466,89","111,16"
19/11/2019,"462,37","110,17"
20/11/2019,"475,80","113,19"
21/11/2019,"490,53","116,90"
22/11/2019,"489,53","116,80"
25/11/2019,"504,52","119,78"
26/11/2019,"499,61","117,72"
27/11/2019,"507,54","119,22"
28/11/2019,"506,68","120,24"
29/11/2019,"510,02","120,43"
02/12/2019,"522,45","123,86"
03/12/2019,"526,37","125,09"
04/12/2019,"524,09","124,64"
05/12/2019,"531,52","126,98"
06/12/2019,"536,70","129,54"
09/12/2019,"545,00","131,87"
10/12/2019,"557,99","134,62"
11/12/2019,"562,10","136,00"
12/12/2019,"568,74","139,23"
13/12/2019,"550,06","133,93"
16/12/2019,"571,63","140,76"
17/12/2019,"555,14","136,60"
18/12/2019,"554,39","136,31"
19/12/2019,"541,17","133,26"
20/12/2019,"543,29","132,61"
23/12/2019,"536,11","131,56"
26/12/2019,"539,83","132,87"
27/12/2019,"543,45","134,25"
30/12/2019,"548,21","136,51"
02/01/2020,"534,42","132,84"
03/01/2020,"534,07","131,77"
06/01/2020,"514,24","126,32"
07/01/2020,"509,50","125,49"
08/01/2020,"502,34","124,07"
09/01/2020,"498,57","121,99"
10/01/2020,"502,57","123,15"
13/01/2020,"493,84","119,37"
14/01/2020,"491,04","118,93"
15/01/2020,"489,77","117,25"
16/01/2020,"487,70","116,28"
17/01/2020,"488,66","117,44"
20/01/2020,"488,08","116,51"
21/01/2020,"485,12","115,51"
22/01/2020,"487,44","116,70"
23/01/2020,"488,23","117,22"
24/01/2020,"485,06","115,88"
27/01/2020,"475,01","112,96"
28/01/2020,"475,97","113,49"
29/01/2020,"471,06","111,57"
30/01/2020,"470,22","110,35"
31/01/2020,"473,81","110,63"
03/02/2020,"453,70","106,78"
04/02/2020,"452,94","106,40"
05/02/2020,"455,96","107,44"
06/02/2020,"458,70","107,25"
07/02/2020,"461,41","106,83"
10/02/2020,"464,85","107,43"
11/02/2020,"467,40","108,05"
12/02/2020,"469,31","107,96"
13/02/2020,"484,06","111,43"
14/02/2020,"498,94","116,03"
17/02/2020,"498,77","115,30"
18/02/2020,"488,00","111,98"
19/02/2020,"493,29","112,91"
20/02/2020,"486,89","111,01"
21/02/2020,"501,10","114,14"
26/02/2020,"505,14","113,79"
27/02/2020,"511,41","114,41"
28/02/2020,"522,42","116,30"
02/03/2020,"533,54","118,96"
03/03/2020,"548,53","121,63"
04/03/2020,"547,90","119,68"
05/03/2020,"537,74","115,69"
06/03/2020,"525,30","113,48"
09/03/2020,"532,71","112,27"
10/03/2020,"544,28","117,20"
11/03/2020,"541,48","114,38"
12/03/2020,"544,55","113,02"
13/03/2020,"540,39","111,37"
16/03/2020,"543,26","108,00"
17/03/2020,"538,10","107,60"
18/03/2020,"558,49","106,83"
19/03/2020,"569,41","111,67"
20/03/2020,"575,57","114,00"
23/03/2020,"576,11","112,10"
24/03/2020,"582,94","114,48"
25/03/2020,"589,87","117,69"
26/03/2020,"582,00","116,31"
27/03/2020,"566,67","112,03"
30/03/2020,"577,85","111,66"
31/03/2020,"581,56","111,92"
01/04/2020,"579,37","110,15"
02/04/2020,"587,78","111,64"
03/04/2020,"581,63","109,43"
06/04/2020,"582,30","109,83"
07/04/2020,"588,37","112,78"
08/04/2020,"588,51","114,25"
09/04/2020,"584,08","114,53"
13/04/2020,"584,78","112,96"
14/04/2020,"582,10","112,22"
15/04/2020,"590,34","112,75"
16/04/2020,"591,03","112,39"
17/04/2020,"588,06","112,16"
20/04/2020,"586,62","110,56"
22/04/2020,"585,70","108,32"
23/04/2020,"590,29","107,25"
24/04/2020,"585,13","103,18"
27/04/2020,"583,76","102,25"
28/04/2020,"582,91","106,02"
29/04/2020,"575,41","107,41"
30/04/2020,"573,02","105,20"
04/05/2020,"573,79","103,59"
05/05/2020,"583,41","104,24"
06/05/2020,"586,64","102,90"
07/05/2020,"587,73","100,33"
08/05/2020,"597,52","103,95"
11/05/2020,"591,67","101,40"
12/05/2020,"583,78","99,59"
13/05/2020,"583,34","98,62"
14/05/2020,"588,86","100,88"
15/05/2020,"593,87","101,83"
18/05/2020,"586,52","102,65"
19/05/2020,"582,91","101,66"
20/05/2020,"579,38","102,06"
21/05/2020,"575,20","103,19"
22/05/2020,"568,90","101,95"
25/05/2020,"569,15","104,36"
26/05/2020,"559,06","104,69"
27/05/2020,"542,37","102,49"
28/05/2020,"535,77","99,90"
29/05/2020,"513,30","96,12"
01/06/2020,"507,99","94,44"
02/06/2020,"502,31","96,23"
03/06/2020,"499,13","98,49"
04/06/2020,"493,35","96,43"
05/06/2020,"487,68","98,16"
08/06/2020,"472,84","97,07"
09/06/2020,"468,92","96,15"
10/06/2020,"465,57","94,68"
12/06/2020,"468,75","92,66"
15/06/2020,"467,09","90,70"
16/06/2020,"465,41","89,07"
17/06/2020,"474,03","90,03"
18/06/2020,"479,19","88,97"
19/06/2020,"478,80","90,25"
22/06/2020,"478,47","90,83"
23/06/2020,"480,12","93,32"
24/06/2020,"484,13","91,07"
25/06/2020,"477,89","89,76"
26/06/2020,"488,60","89,36"
29/06/2020,"500,17","92,01"
30/06/2020,"507,79","93,34"
01/07/2020,"510,69","96,16"
02/07/2020,"512,81","95,82"
03/07/2020,"510,08","95,97"
06/07/2020,"491,88","92,08"
07/07/2020,"491,09","91,28"
08/07/2020,"492,97","92,23"
09/07/2020,"492,33","92,27"
10/07/2020,"488,95","91,91"
13/07/2020,"496,71","92,46"
14/07/2020,"488,80","91,52"
15/07/2020,"485,62","90,23"
16/07/2020,"490,91","92,19"
17/07/2020,"504,38","93,65"
20/07/2020,"495,50","92,89"
21/07/2020,"495,13","95,27"
22/07/2020,"508,14","99,28"
23/07/2020,"509,02","97,78"
24/07/2020,"507,23","97,38"
27/07/2020,"512,79","99,20"
28/07/2020,"517,67","100,46"
29/07/2020,"531,75","102,85"
30/07/2020,"541,57","105,04"
31/07/2020,"561,40","107,69"
03/08/2020,"569,74","106,87"
04/08/2020,"578,99","109,28"
05/08/2020,"585,17","110,45"
06/08/2020,"570,46","106,55"
07/08/2020,"565,29","104,30"
10/08/2020,"562,54","103,07"
11/08/2020,"560,21","103,65"
12/08/2020,"550,95","101,00"
13/08/2020,"557,61","103,84"
14/08/2020,"558,14","102,79"
17/08/2020,"566,51","102,95"
18/08/2020,"576,84","105,49"
19/08/2020,"577,33","104,53"
20/08/2020,"583,29","104,97"
21/08/2020,"590,78","105,35"
24/08/2020,"592,48","105,82"
25/08/2020,"596,21","107,93"
26/08/2020,"603,11","107,68"
27/08/2020,"596,04","107,03"
28/08/2020,"603,55","111,60"
31/08/2020,"610,57","111,50"
01/09/2020,"605,15","112,31"
02/09/2020,"605,24","113,00"
03/09/2020,"599,29","113,29"
04/09/2020,"606,06","114,22"
08/09/2020,"600,43","112,04"
09/09/2020,"585,43","110,69"
10/09/2020,"587,04","110,43"
11/09/2020,"592,71","111,12"
14/09/2020,"563,78","106,84"
15/09/2020,"561,54","106,23"
16/09/2020,"554,39","105,80"
17/09/2020,"554,16","105,80"
18/09/2020,"544,82","101,51"
21/09/2020,"538,25","99,62"
22/09/2020,"533,89","97,69"
23/09/2020,"534,51","95,84"
24/09/2020,"536,31","97,23"
25/09/2020,"542,53","97,86"
28/09/2020,"535,50","95,03"
29/09/2020,"534,81","94,89"
30/09/2020,"541,13","96,32"
01/10/2020,"532,37","94,19"
02/10/2020,"537,44","95,00"
05/10/2020,"531,65","95,60"
06/10/2020,"532,14","95,03"
07/10/2020,"533,47","94,97"
08/10/2020,"538,09","96,29"
09/10/2020,"537,80","97,22"
13/10/2020,"539,64","96,81"
14/10/2020,"540,05","96,39"
15/10/2020,"540,51","96,31"
16/10/2020,"538,88","95,46"
19/10/2020,"534,97","95,46"
20/10/2020,"531,09","94,87"
21/10/2020,"531,54","94,80"
22/10/2020,"539,87","96,44"
23/10/2020,"536,98","95,41"
26/10/2020,"538,84","95,79"
27/10/2020,"540,47","95,25"
28/10/2020,"538,56","93,78"
29/10/2020,"536,73","93,33"
30/10/2020,"537,58","93,52"
03/11/2020,"538,74","93,68"
04/11/2020,"535,61","94,60"
05/11/2020,"543,05","97,90"
06/11/2020,"542,82","100,75"
09/11/2020,"536,39","99,08"
10/11/2020,"534,97","99,46"
11/11/2020,"542,94","100,28"
12/11/2020,"551,64","100,92"
13/11/2020,"551,90","100,77"
16/11/2020,"564,36","103,90"
17/11/2020,"568,44","106,49"
18/11/2020,"588,52","110,11"
19/11/2020,"594,13","111,85"
20/11/2020,"579,30","107,84"
23/11/2020,"580,88","106,84"
24/11/2020,"578,02","107,34"
25/11/2020,"584,40","109,89"
26/11/2020,"578,52","108,54"
27/11/2020,"607,73","114,04"
30/11/2020,"606,99","113,39"
01/12/2020,"590,05","112,73"
02/12/2020,"593,06","113,07"
03/12/2020,"583,93","113,67"
04/12/2020,"581,96","113,49"
07/12/2020,"576,26","113,39"
08/12/2020,"580,91","113,26"
09/12/2020,"574,92","110,92"
10/12/2020,"586,40","116,42"
11/12/2020,"582,46","115,27"
14/12/2020,"600,37","117,49"
15/12/2020,"596,64","117,24"
16/12/2020,"608,32","118,67"
17/12/2020,"606,64","119,54"
18/12/2020,"604,03","118,74"
21/12/2020,"598,23","116,75"
22/12/2020,"598,68","115,91"
23/12/2020,"600,82","115,57"
28/12/2020,"607,83","116,02"
29/12/2020,"608,35","117,35"
30/12/2020,"606,69","116,99"
04/01/2021,"615,78","117,05"
05/01/2021,"615,40","116,93"
06/01/2021,"611,28","115,71"
07/01/2021,"614,98","114,16"
08/01/2021,"625,71","115,53"
11/01/2021,"615,56","112,10"
12/01/2021,"617,05","115,70"
13/01/2021,"632,25","119,29"
14/01/2021,"638,60","122,74"
15/01/2021,"651,99","123,34"
18/01/2021,"649,68","122,77"
19/01/2021,"650,54","121,60"
20/01/2021,"650,54","122,30"
21/01/2021,"654,24","122,15"
22/01/2021,"658,67","120,37"
25/01/2021,"657,46","119,36"
26/01/2021,"655,25","122,98"
27/01/2021,"658,68","122,05"
28/01/2021,"662,22","121,82"
29/01/2021,"658,33","120,07"
01/02/2021,"672,19","123,31"
02/02/2021,"669,70","124,99"
03/02/2021,"669,33","124,83"
04/02/2021,"667,61","122,41"
05/02/2021,"668,91","124,20"
08/02/2021,"664,66","123,73"
09/02/2021,"665,12","123,58"
10/02/2021,"659,86","122,67"
11/02/2021,"659,55","122,32"
12/02/2021,"657,97","122,34"
17/02/2021,"670,04","123,62"
18/02/2021,"683,70","125,68"
19/02/2021,"680,94","125,94"
22/02/2021,"701,50","128,90"
23/02/2021,"724,96","132,97"
24/02/2021,"725,02","133,45"
25/02/2021,"746,14","135,51"
26/02/2021,"746,50","133,76"
01/03/2021,"747,32","133,47"
02/03/2021,"748,80","132,18"
03/03/2021,"747,51","129,96"
04/03/2021,"738,50","130,41"
05/03/2021,"735,85","129,23"
08/03/2021,"730,76","126,67"
09/03/2021,"737,48","127,39"
10/03/2021,"739,17","130,69"
11/03/2021,"736,80","133,09"
12/03/2021,"737,64","132,57"
15/03/2021,"737,18","130,59"
16/03/2021,"740,98","132,06"
17/03/2021,"741,90","132,89"
18/03/2021,"736,20","132,43"
19/03/2021,"724,48","132,01"
22/03/2021,"729,71","132,36"
23/03/2021,"717,04","130,04"
24/03/2021,"713,49","127,11"
25/03/2021,"716,41","126,42"
26/03/2021,"729,25","126,91"
29/03/2021,"727,77","126,20"
30/03/2021,"710,15","123,57"
31/03/2021,"708,44","125,97"
01/04/2021,"707,11","123,92"
05/04/2021,"704,57","124,22"
06/04/2021,"714,67","127,66"
07/04/2021,"716,55","126,85"
08/04/2021,"722,75","129,69"
09/04/2021,"725,21","127,72"
12/04/2021,"730,21","127,55"
13/04/2021,"730,81","128,19"
14/04/2021,"743,91","131,11"
15/04/2021,"742,82","132,08"
16/04/2021,"737,63","132,05"
19/04/2021,"736,30","132,38"
20/04/2021,"743,12","133,73"
22/04/2021,"746,41","136,66"
23/04/2021,"760,51","138,40"
26/04/2021,"775,45","142,08"
27/04/2021,"785,11","143,66"
28/04/2021,"788,22","146,95"
29/04/2021,"788,80","147,33"
30/04/2021,"782,59","144,02"
03/05/2021,"782,03","144,23"
04/05/2021,"787,04","144,86"
05/05/2021,"813,32","151,57"
06/05/2021,"828,03","156,79"
07/05/2021,"820,45","157,11"
10/05/2021,"805,98","154,08"
11/05/2021,"813,09","155,65"
12/05/2021,"795,48","150,20"
13/05/2021,"804,79","151,88"
14/05/2021,"805,55","152,86"
17/05/2021,"805,71","153,00"
18/05/2021,"816,11","155,57"
19/05/2021,"819,61","154,21"
20/05/2021,"823,23","156,12"
21/05/2021,"825,55","154,37"
24/05/2021,"825,79","155,17"
25/05/2021,"825,11","154,60"
26/05/2021,"850,84","160,26"
27/05/2021,"864,74","164,62"
28/05/2021,"877,15","168,10"
31/05/2021,"877,41","167,93"
01/06/2021,"884,10","171,47"
02/06/2021,"882,64","173,34"
04/06/2021,"880,18","174,81"
07/06/2021,"868,97","172,52"
08/06/2021,"871,72","173,03"
09/06/2021,"874,33","172,45"
10/06/2021,"869,54","171,71"
11/06/2021,"872,57","170,42"
14/06/2021,"855,78","168,73"
15/06/2021,"850,96","168,74"
16/06/2021,"840,14","166,53"
17/06/2021,"825,50","164,31"
18/06/2021,"824,19","162,56"
21/06/2021,"829,05","165,08"
22/06/2021,"826,92","166,58"
23/06/2021,"820,58","165,27"
24/06/2021,"823,83","167,96"
25/06/2021,"831,81","167,97"
28/06/2021,"849,44","172,44"
29/06/2021,"843,76","170,87"
30/06/2021,"844,21","169,76"
01/07/2021,"846,16","167,62"
02/07/2021,"840,25","166,45"
05/07/2021,"838,99","165,06"
06/07/2021,"817,13","157,14"
07/07/2021,"821,63","156,98"
08/07/2021,"837,72","159,44"
09/07/2021,"840,43","160,42"
12/07/2021,"854,69","165,32"
13/07/2021,"836,90","161,84"
14/07/2021,"850,48","167,68"
15/07/2021,"843,71","164,63"
16/07/2021,"875,45","170,99"
19/07/2021,"866,41","164,84"
20/07/2021,"902,64","172,95"
21/07/2021,"960,50","185,32"
22/07/2021,"1.028,35","197,42"
23/07/2021,"1.008,84","193,37"
26/07/2021,"1.067,27","206,24"
27/07/2021,"1.059,66","204,65"
28/07/2021,"1.062,35","207,73"
29/07/2021,"1.045,82","205,99"
30/07/2021,"1.014,44","195,20"
02/08/2021,"966,05","187,11"
03/08/2021,"990,47","191,10"
04/08/2021,"993,85","191,53"
05/08/2021,"990,19","190,31"
06/08/2021,"991,23","189,13"
09/08/2021,"1.008,07","192,45"
10/08/2021,"1.015,33","195,33"
11/08/2021,"1.018,03","194,73"
12/08/2021,"1.038,91","197,74"
13/08/2021,"1.028,95","196,25"
16/08/2021,"1.050,92","198,81"
17/08/2021,"1.032,50","195,99"
18/08/2021,"1.043,98","194,77"
19/08/2021,"1.038,72","191,79"
20/08/2021,"1.043,41","194,01"
23/08/2021,"1.049,09","195,29"
24/08/2021,"1.059,61","201,48"
25/08/2021,"1.057,07","202,89"
26/08/2021,"1.067,49","203,33"
27/08/2021,"1.075,88","207,06"
30/08/2021,"1.102,36","212,52"
31/08/2021,"1.084,23","209,51"
01/09/2021,"1.100,25","212,65"
02/09/2021,"1.089,49","210,12"
03/09/2021,"1.081,27","208,58"
06/09/2021,"1.082,64","209,20"
08/09/2021,"1.083,73","203,98"
09/09/2021,"1.069,14","201,46"
10/09/2021,"1.073,90","203,93"
13/09/2021,"1.068,28","204,22"
14/09/2021,"1.063,09","202,07"
15/09/2021,"1.068,05","203,75"
16/09/2021,"1.070,42","202,92"
17/09/2021,"1.074,55","203,40"
20/09/2021,"1.062,73","198,60"
21/09/2021,"1.063,40","201,33"
22/09/2021,"1.069,03","201,67"
23/09/2021,"1.089,12","205,18"
24/09/2021,"1.111,63","207,94"
27/09/2021,"1.105,09","205,41"
28/09/2021,"1.146,61","211,16"
29/09/2021,"1.130,48","208,35"
30/09/2021,"1.136,94","209,11"
01/10/2021,"1.183,07","220,60"
04/10/2021,"1.180,95","216,61"
05/10/2021,"1.149,79","210,24"
06/10/2021,"1.159,92","211,36"
07/10/2021,"1.180,51","214,52"
08/10/2021,"1.199,28","217,66"
11/10/2021,"1.204,12","217,67"
13/10/2021,"1.228,44","222,91"
14/10/2021,"1.242,78","225,14"
15/10/2021,"1.233,94","226,00"
18/10/2021,"1.223,91","221,96"
19/10/2021,"1.243,54","222,58"
20/10/2021,"1.250,02","225,35"
21/10/2021,"1.257,20","222,36"
22/10/2021,"1.246,22","220,96"
25/10/2021,"1.247,88","225,01"
26/10/2021,"1.270,07","228,14"
27/10/2021,"1.246,21","223,74"
28/10/2021,"1.239,91","220,31"
29/10/2021,"1.256,27","222,43"
01/11/2021,"1.286,73","226,90"
03/11/2021,"1.284,27","229,54"
04/11/2021,"1.282,15","228,34"
05/11/2021,"1.265,50","229,67"
08/11/2021,"1.254,32","226,04"
09/11/2021,"1.258,03","229,44"
10/11/2021,"1.256,09","228,59"
11/11/2021,"1.274,18","236,05"
12/11/2021,"1.307,85","239,75"
16/11/2021,"1.322,11","240,73"
17/11/2021,"1.359,78","246,07"
18/11/2021,"1.367,45","245,55"
19/11/2021,"1.392,66","248,51"
22/11/2021,"1.382,69","247,35"
23/11/2021,"1.435,66","256,00"
24/11/2021,"1.456,43","260,40"
25/11/2021,"1.466,92","263,69"
26/11/2021,"1.457,25","260,22"
29/11/2021,"1.424,40","253,68"
30/11/2021,"1.420,09","251,48"
01/12/2021,"1.421,20","250,87"
02/12/2021,"1.439,13","254,62"
03/12/2021,"1.471,19","259,15"
06/12/2021,"1.487,58","261,62"
07/12/2021,"1.479,74","263,39"
08/12/2021,"1.478,12","266,90"
09/12/2021,"1.471,59","263,73"
10/12/2021,"1.435,60","255,76"
13/12/2021,"1.457,28","256,88"
14/12/2021,"1.453,75","255,45"
15/12/2021,"1.463,61","255,74"
16/12/2021,"1.461,28","257,49"
17/12/2021,"1.459,85","256,92"
20/12/2021,"1.432,67","249,68"
21/12/2021,"1.441,82","251,32"
22/12/2021,"1.457,17","257,00"
23/12/2021,"1.447,66","255,64"
27/12/2021,"1.434,07","254,45"
28/12/2021,"1.430,05","253,69"
29/12/2021,"1.440,31","252,95"
30/12/2021,"1.431,58","256,79"
03/01/2022,"1.414,57","249,88"
04/01/2022,"1.454,67","255,79"
05/01/2022,"1.453,35","256,64"
06/01/2022,"1.466,69","257,95"
07/01/2022,"1.493,73","265,18"
10/01/2022,"1.483,95","261,63"
11/01/2022,"1.481,83","265,61"
12/01/2022,"1.502,91","271,53"
13/01/2022,"1.495,12","270,90"
14/01/2022,"1.498,14","271,30"
17/01/2022,"1.495,99","270,82"
18/01/2022,"1.498,35","269,68"
19/01/2022,"1.509,95","276,35"
20/01/2022,"1.507,84","278,66"
21/01/2022,"1.487,18","272,53"
24/01/2022,"1.479,77","268,90"
25/01/2022,"1.494,27","274,68"
26/01/2022,"1.493,25","276,17"
27/01/2022,"1.467,33","270,38"
28/01/2022,"1.481,14","274,64"
31/01/2022,"1.474,34","278,02"
01/02/2022,"1.476,50","280,17"
02/02/2022,"1.477,38","279,54"
03/02/2022,"1.491,62","281,81"
04/02/2022,"1.491,20","279,98"
07/02/2022,"1.482,26","281,80"
08/02/2022,"1.510,30","287,40"
09/02/2022,"1.555,19","297,93"
10/02/2022,"1.535,38","293,80"
11/02/2022,"1.519,43","290,74"
14/02/2022,"1.504,86","288,45"
15/02/2022,"1.499,37","289,40"
16/02/2022,"1.498,45","292,21"
17/02/2022,"1.495,22","289,27"
18/02/2022,"1.466,51","285,43"
21/02/2022,"1.462,04","286,34"
22/02/2022,"1.453,13","286,90"
23/02/2022,"1.442,80","288,39"
24/02/2022,"1.425,53","278,59"
25/02/2022,"1.434,43","278,80"
02/03/2022,"1.384,52","270,94"
03/03/2022,"1.330,63","264,85"
04/03/2022,"1.325,98","261,07"
07/03/2022,"1.318,18","259,54"
08/03/2022,"1.344,06","265,83"
09/03/2022,"1.331,86","265,79"
10/03/2022,"1.306,51","260,37"
11/03/2022,"1.305,56","258,42"
14/03/2022,"1.291,12","251,73"
15/03/2022,"1.262,07","244,87"
16/03/2022,"1.276,74","250,10"
17/03/2022,"1.266,57","251,40"
18/03/2022,"1.278,09","254,90"
21/03/2022,"1.287,25","259,95"
22/03/2022,"1.276,97","259,60"
23/03/2022,"1.272,51","263,02"
24/03/2022,"1.259,80","260,99"
25/03/2022,"1.257,06","264,59"
28/03/2022,"1.210,76","253,83"
29/03/2022,"1.202,21","252,51"
30/03/2022,"1.224,94","256,16"
31/03/2022,"1.243,64","261,21"
01/04/2022,"1.245,32","266,72"
04/04/2022,"1.247,37","270,46"
05/04/2022,"1.249,98","268,41"
06/04/2022,"1.246,26","264,04"
07/04/2022,"1.245,39","262,46"
08/04/2022,"1.271,49","270,24"
11/04/2022,"1.287,36","274,90"
12/04/2022,"1.278,00","273,19"
13/04/2022,"1.249,28","266,60"
14/04/2022,"1.240,14","264,31"
18/04/2022,"1.237,41","265,65"
19/04/2022,"1.233,88","264,04"
20/04/2022,"1.213,90","262,46"
22/04/2022,"1.243,89","259,31"
25/04/2022,"1.247,91","256,09"
26/04/2022,"1.262,09","252,92"
27/04/2022,"1.248,52","251,51"
28/04/2022,"1.259,76","255,12"
29/04/2022,"1.267,35","256,13"
02/05/2022,"1.254,70","247,62"
03/05/2022,"1.263,55","254,49"
04/05/2022,"1.267,30","258,05"
05/05/2022,"1.263,65","251,27"
06/05/2022,"1.244,41","245,30"
09/05/2022,"1.231,77","238,90"
10/05/2022,"1.224,78","238,98"
11/05/2022,"1.287,69","250,62"
12/05/2022,"1.271,64","247,11"
13/05/2022,"1.259,80","249,27"
16/05/2022,"1.307,93","259,25"
17/05/2022,"1.308,24","264,72"
18/05/2022,"1.278,19","256,31"
19/05/2022,"1.259,53","256,31"
20/05/2022,"1.245,75","255,85"
23/05/2022,"1.229,41","255,44"
24/05/2022,"1.218,65","252,78"
25/05/2022,"1.234,47","256,59"
26/05/2022,"1.269,38","266,62"
27/05/2022,"1.276,44","269,41"
30/05/2022,"1.273,45","268,04"
31/05/2022,"1.273,07","267,96"
01/06/2022,"1.322,18","275,51"
02/06/2022,"1.328,52","277,12"
03/06/2022,"1.293,37","270,35"
06/06/2022,"1.329,75","276,97"
07/06/2022,"1.317,12","270,40"
08/06/2022,"1.314,56","269,32"
09/06/2022,"1.327,76","270,37"
10/06/2022,"1.308,09","262,62"
13/06/2022,"1.310,27","255,76"
14/06/2022,"1.322,74","257,34"
15/06/2022,"1.327,83","264,24"
17/06/2022,"1.326,24","258,02"
20/06/2022,"1.330,45","256,60"
21/06/2022,"1.362,28","264,47"
22/06/2022,"1.388,80","268,63"
23/06/2022,"1.367,14","261,45"
24/06/2022,"1.351,56","257,05"
27/06/2022,"1.334,95","255,35"
28/06/2022,"1.316,62","250,02"
29/06/2022,"1.351,49","260,10"
30/06/2022,"1.361,20","260,27"
01/07/2022,"1.358,71","255,30"
04/07/2022,"1.353,84","254,19"
05/07/2022,"1.356,14","251,51"
06/07/2022,"1.362,90","251,69"
07/07/2022,"1.358,75","254,26"
08/07/2022,"1.348,87","256,20"
11/07/2022,"1.331,57","248,06"
12/07/2022,"1.296,41","238,40"
13/07/2022,"1.296,50","239,83"
14/07/2022,"1.239,04","228,02"
15/07/2022,"1.241,31","229,57"
18/07/2022,"1.303,58","240,38"
19/07/2022,"1.318,67","243,30"
20/07/2022,"1.332,32","243,97"
21/07/2022,"1.337,55","243,59"
22/07/2022,"1.295,84","235,56"
25/07/2022,"1.292,83","240,57"
26/07/2022,"1.319,80","246,51"
27/07/2022,"1.331,37","253,64"
28/07/2022,"1.317,52","255,28"
29/07/2022,"1.300,89","251,23"
01/08/2022,"1.285,02","247,83"
02/08/2022,"1.271,95","240,90"
03/08/2022,"1.304,31","247,26"
04/08/2022,"1.314,78","252,02"
05/08/2022,"1.261,57","244,11"
08/08/2022,"1.277,30","249,77"
09/08/2022,"1.264,14","246,09"
10/08/2022,"1.288,13","252,92"
11/08/2022,"1.294,94","250,86"
12/08/2022,"1.300,76","256,71"
15/08/2022,"1.298,88","255,03"
16/08/2022,"1.278,49","248,40"
17/08/2022,"1.276,64","246,84"
18/08/2022,"1.274,27","246,28"
19/08/2022,"1.275,71","246,51"
22/08/2022,"1.301,66","252,16"
23/08/2022,"1.307,74","256,42"
24/08/2022,"1.340,01","262,28"
25/08/2022,"1.349,76","263,32"
26/08/2022,"1.351,64","266,39"
29/08/2022,"1.344,99","267,61"
30/08/2022,"1.342,78","262,78"
31/08/2022,"1.344,20","258,40"
01/09/2022,"1.341,77","256,31"
02/09/2022,"1.331,04","257,11"
05/09/2022,"1.313,30","254,86"
06/09/2022,"1.335,47","254,76"
08/09/2022,"1.285,14","246,72"
09/09/2022,"1.316,06","255,55"
12/09/2022,"1.296,95","254,75"
13/09/2022,"1.285,69","247,77"
14/09/2022,"1.265,14","244,24"
15/09/2022,"1.270,71","242,36"
16/09/2022,"1.270,42","241,66"
19/09/2022,"1.285,41","248,97"
20/09/2022,"1.288,69","249,70"
21/09/2022,"1.284,53","248,60"
22/09/2022,"1.285,82","251,48"
23/09/2022,"1.272,92","242,41"
26/09/2022,"1.307,91","242,70"
27/09/2022,"1.314,48","244,33"
28/09/2022,"1.314,33","245,81"
29/09/2022,"1.303,95","241,56"
30/09/2022,"1.286,80","239,23"
03/10/2022,"1.222,53","236,15"
04/10/2022,"1.243,64","240,27"
05/10/2022,"1.260,20","243,56"
06/10/2022,"1.233,20","236,97"
07/10/2022,"1.229,18","235,25"
10/10/2022,"1.226,30","236,60"
11/10/2022,"1.223,75","232,21"
13/10/2022,"1.176,35","222,84"
14/10/2022,"1.154,73","216,73"
17/10/2022,"1.141,32","215,55"
18/10/2022,"1.130,38","214,86"
19/10/2022,"1.103,41","209,30"
20/10/2022,"1.081,63","207,05"
21/10/2022,"1.070,11","207,87"
24/10/2022,"1.078,75","203,96"
25/10/2022,"1.062,79","199,96"
26/10/2022,"1.040,79","193,71"
27/10/2022,"1.037,92","195,87"
28/10/2022,"987,53","185,84"
31/10/2022,"1.005,33","194,30"
01/11/2022,"987,63","193,20"
03/11/2022,"958,29","187,42"
04/11/2022,"961,72","191,04"
07/11/2022,"940,31","182,41"
08/11/2022,"934,82","180,85"
09/11/2022,"930,62","179,73"
10/11/2022,"957,67","177,44"
11/11/2022,"969,33","181,49"
14/11/2022,"956,77","179,47"
16/11/2022,"943,57","175,25"
17/11/2022,"943,15","173,66"
18/11/2022,"932,71","173,82"
21/11/2022,"949,51","178,78"
22/11/2022,"970,27","180,31"
23/11/2022,"975,17","181,53"
24/11/2022,"972,75","183,12"
25/11/2022,"984,78","182,03"
28/11/2022,"972,21","181,18"
29/11/2022,"999,97","188,99"
30/11/2022,"1.003,01","192,52"
01/12/2022,"986,50","189,53"
02/12/2022,"982,38","189,36"
05/12/2022,"981,02","185,80"
06/12/2022,"989,09","187,72"
07/12/2022,"984,85","189,03"
08/12/2022,"973,49","186,78"
09/12/2022,"979,85","186,99"
12/12/2022,"1.016,22","190,84"
13/12/2022,"1.023,87","192,60"
14/12/2022,"1.028,07","193,21"
15/12/2022,"1.045,13","196,38"
16/12/2022,"1.020,37","192,60"
19/12/2022,"1.016,75","191,55"
20/12/2022,"1.027,61","197,31"
21/12/2022,"1.023,12","196,87"
22/12/2022,"1.022,97","197,60"
23/12/2022,"1.024,86","198,46"
26/12/2022,"1.027,31","197,26"
27/12/2022,"1.023,64","193,73"
28/12/2022,"1.044,61","198,86"
29/12/2022,"1.037,90","196,57"
02/01/2023,"1.031,20","192,39"
03/01/2023,"1.034,46","189,88"
04/01/2023,"1.021,50","187,29"
05/01/2023,"1.020,40","190,30"
06/01/2023,"1.023,47","195,21"
09/01/2023,"1.002,85","190,84"
10/01/2023,"968,37","186,15"
11/01/2023,"944,56","182,14"
12/01/2023,"953,00","187,08"
13/01/2023,"945,34","185,58"
16/01/2023,"955,07","185,41"
17/01/2023,"951,65","186,31"
18/01/2023,"979,10","189,79"
19/01/2023,"1.000,74","193,38"
20/01/2023,"1.002,74","192,72"
23/01/2023,"1.023,39","196,96"
24/01/2023,"1.030,20","200,16"
25/01/2023,"1.035,11","203,92"
26/01/2023,"1.048,76","206,77"
27/01/2023,"1.061,83","207,75"
30/01/2023,"1.067,01","208,73"
31/01/2023,"1.103,18","217,25"
01/02/2023,"1.104,47","216,99"
02/02/2023,"1.096,14","217,66"
03/02/2023,"1.079,90","210,14"
06/02/2023,"1.114,33","215,29"
07/02/2023,"1.123,64","216,13"
08/02/2023,"1.119,52","215,75"
09/02/2023,"1.118,27","212,20"
10/02/2023,"1.123,17","215,04"
13/02/2023,"1.117,26","215,60"
14/02/2023,"1.143,75","219,91"
15/02/2023,"1.125,22","215,72"
16/02/2023,"1.135,15","217,46"
17/02/2023,"1.157,53","224,24"
22/02/2023,"1.179,20","228,13"
23/02/2023,"1.150,14","224,11"
24/02/2023,"1.141,39","219,25"
27/02/2023,"1.141,47","219,72"
28/02/2023,"1.160,98","222,37"
01/03/2023,"1.134,54","218,35"
02/03/2023,"1.136,99","218,48"
03/03/2023,"1.114,38","214,39"
06/03/2023,"1.123,91","217,56"
07/03/2023,"1.134,01","218,46"
08/03/2023,"1.097,38","213,37"
09/03/2023,"1.089,79","212,27"
10/03/2023,"1.092,87","209,56"
13/03/2023,"1.107,71","210,27"
14/03/2023,"1.106,96","210,61"
15/03/2023,"1.087,87","205,49"
16/03/2023,"1.128,17","215,18"
17/03/2023,"1.113,46","211,12"
20/03/2023,"1.106,86","211,11"
21/03/2023,"1.114,76","212,62"
22/03/2023,"1.112,36","213,18"
23/03/2023,"1.100,27","208,03"
24/03/2023,"1.122,44","213,88"
27/03/2023,"1.115,01","213,97"
28/03/2023,"1.085,19","210,06"
29/03/2023,"1.069,00","207,94"
30/03/2023,"1.068,86","209,54"
31/03/2023,"1.044,94","206,14"
03/04/2023,"1.082,95","213,43"
04/04/2023,"1.070,15","210,37"
05/04/2023,"1.094,52","216,56"
06/04/2023,"1.101,19","217,63"
10/04/2023,"1.096,07","216,19"
11/04/2023,"1.121,49","223,98"
12/04/2023,"1.109,21","224,36"
13/04/2023,"1.132,20","229,79"
14/04/2023,"1.125,42","228,84"
17/04/2023,"1.136,75","230,34"
18/04/2023,"1.142,57","229,66"
19/04/2023,"1.148,25","226,21"
20/04/2023,"1.111,77","220,07"
24/04/2023,"1.111,82","220,60"
25/04/2023,"1.076,43","212,36"
26/04/2023,"1.092,76","216,26"
27/04/2023,"1.083,01","217,34"
28/04/2023,"1.077,88","216,05"
02/05/2023,"1.075,12","213,02"
03/05/2023,"1.064,10","213,20"
04/05/2023,"1.054,24","211,14"
05/05/2023,"1.060,65","214,53"
08/05/2023,"1.058,53","211,11"
09/05/2023,"1.053,70","211,25"
10/05/2023,"1.054,48","212,98"
11/05/2023,"1.038,55","210,11"
12/05/2023,"1.034,79","210,02"
15/05/2023,"1.037,39","211,97"
16/05/2023,"1.044,21","211,42"
17/05/2023,"1.042,37","211,05"
18/05/2023,"1.043,39","209,98"
19/05/2023,"1.057,64","211,48"
22/05/2023,"1.040,61","209,42"
23/05/2023,"1.037,01","208,57"
24/05/2023,"1.039,46","209,91"
25/05/2023,"1.025,20","203,49"
26/05/2023,"1.018,01","204,01"
29/05/2023,"1.014,00","202,31"
30/05/2023,"992,80","196,94"
31/05/2023,"991,05","195,13"
01/06/2023,"999,01","199,28"
02/06/2023,"993,37","200,40"
05/06/2023,"990,85","201,11"
06/06/2023,"987,44","200,98"
07/06/2023,"991,03","201,22"
09/06/2023,"1.005,37","206,19"
12/06/2023,"982,74","201,96"
13/06/2023,"964,19","198,27"
14/06/2023,"959,10","198,65"
15/06/2023,"966,28","201,14"
16/06/2023,"963,32","199,94"
19/06/2023,"950,55","199,03"
20/06/2023,"917,45","191,46"
21/06/2023,"901,57","189,01"
22/06/2023,"877,83","183,72"
23/06/2023,"851,56","178,11"
26/06/2023,"851,02","178,56"
27/06/2023,"856,84","178,66"
28/06/2023,"840,85","173,59"
29/06/2023,"830,13","170,95"
30/06/2023,"825,59","172,25"
03/07/2023,"824,48","171,62"
04/07/2023,"824,70","170,57"
05/07/2023,"822,25","169,71"
06/07/2023,"829,41","168,37"
07/07/2023,"829,19","170,65"
10/07/2023,"823,14","168,50"
11/07/2023,"811,35","167,01"
12/07/2023,"804,51","166,98"
13/07/2023,"808,68","168,83"
14/07/2023,"821,75","171,41"
17/07/2023,"807,97","167,80"
18/07/2023,"804,89","167,41"
19/07/2023,"808,90","169,05"
20/07/2023,"812,66","169,23"
21/07/2023,"821,38","172,02"
24/07/2023,"826,91","174,64"
25/07/2023,"829,37","174,49"
26/07/2023,"827,37","174,88"
27/07/2023,"826,27","174,21"
28/07/2023,"811,74","171,58"
31/07/2023,"834,91","176,48"
01/08/2023,"843,24","176,01"
02/08/2023,"845,71","176,04"
03/08/2023,"856,24","175,14"
04/08/2023,"843,26","173,19"
07/08/2023,"853,99","174,43"
08/08/2023,"846,65","172,89"
09/08/2023,"843,74","171,91"
10/08/2023,"838,92","171,91"
11/08/2023,"835,83","170,51"
14/08/2023,"824,22","165,84"
15/08/2023,"814,38","163,23"
16/08/2023,"814,80","163,42"
17/08/2023,"808,71","162,33"
18/08/2023,"808,18","162,58"
21/08/2023,"811,07","162,90"
22/08/2023,"809,92","164,05"
23/08/2023,"824,49","169,86"
24/08/2023,"819,63","168,20"
25/08/2023,"810,72","166,40"
28/08/2023,"817,80","167,69"
29/08/2023,"812,16","167,32"
30/08/2023,"818,24","168,19"
31/08/2023,"816,58","164,97"
01/09/2023,"818,18","165,69"
04/09/2023,"821,37","166,47"
05/09/2023,"816,47","163,95"
06/09/2023,"818,89","164,20"
08/09/2023,"804,89","161,46"
11/09/2023,"808,49","163,79"
12/09/2023,"814,67","164,45"
13/09/2023,"807,08","164,17"
14/09/2023,"808,21","165,79"
15/09/2023,"825,15","169,44"
18/09/2023,"831,19","171,27"
19/09/2023,"838,98","172,10"
20/09/2023,"821,58","168,70"
21/09/2023,"815,95","165,47"
22/09/2023,"800,08","162,29"
25/09/2023,"798,61","160,65"
26/09/2023,"796,19","159,56"
27/09/2023,"800,23","158,40"
28/09/2023,"792,13","157,26"
29/09/2023,"779,90","155,08"
02/10/2023,"797,38","157,37"
03/10/2023,"804,04","155,97"
04/10/2023,"799,22","155,16"
05/10/2023,"797,63","154,16"
06/10/2023,"802,84","155,59"
09/10/2023,"804,84","156,74"
10/10/2023,"801,77","158,36"
11/10/2023,"800,47","158,45"
13/10/2023,"819,47","160,93"
16/10/2023,"824,50","163,56"
17/10/2023,"826,89","164,29"
18/10/2023,"832,86","164,73"
19/10/2023,"857,60","169,86"
20/10/2023,"860,54","170,91"
23/10/2023,"871,59","173,59"
24/10/2023,"875,97","175,30"
25/10/2023,"850,91","170,18"
26/10/2023,"847,84","169,81"
27/10/2023,"841,65","167,83"
30/10/2023,"836,98","166,00"
31/10/2023,"863,24","171,45"
01/11/2023,"836,59","168,13"
03/11/2023,"862,18","175,99"
06/11/2023,"871,52","178,19"
07/11/2023,"869,72","178,62"
08/11/2023,"890,14","181,48"
09/11/2023,"896,75","181,93"
10/11/2023,"888,46","180,91"
13/11/2023,"902,96","183,98"
14/11/2023,"896,59","184,29"
16/11/2023,"901,44","185,18"
17/11/2023,"879,03","179,21"
20/11/2023,"891,73","183,79"
21/11/2023,"890,91","181,78"
22/11/2023,"885,95","180,81"
23/11/2023,"885,22","180,40"
24/11/2023,"889,39","181,62"
27/11/2023,"876,73","179,00"
28/11/2023,"901,60","185,06"
29/11/2023,"898,36","183,75"
30/11/2023,"944,81","192,00"
01/12/2023,"942,08","193,25"
04/12/2023,"938,55","189,64"
05/12/2023,"951,85","193,11"
06/12/2023,"919,54","187,47"
07/12/2023,"932,25","189,83"
08/12/2023,"926,14","188,05"
11/12/2023,"955,82","193,68"
12/12/2023,"952,78","191,90"
13/12/2023,"988,32","200,51"
14/12/2023,"994,05","202,62"
15/12/2023,"999,29","202,12"
18/12/2023,"999,18","203,54"
19/12/2023,"1.016,89","209,19"
20/12/2023,"992,05","202,42"
21/12/2023,"999,11","204,44"
22/12/2023,"990,17","203,70"
26/12/2023,"999,76","207,16"
27/12/2023,"1.007,36","208,43"
28/12/2023,"1.009,47","208,05"
02/01/2024,"1.003,74","204,34"
03/01/2024,"994,00","202,40"
04/01/2024,"990,46","201,60"
05/01/2024,"981,67","201,49"
08/01/2024,"973,26","199,77"
09/01/2024,"989,10","201,82"
10/01/2024,"980,32","200,31"
11/01/2024,"984,43","201,81"
12/01/2024,"971,32","200,11"
15/01/2024,"969,42","199,26"
16/01/2024,"988,25","200,50"
17/01/2024,"965,40","195,86"
18/01/2024,"962,99","195,17"
19/01/2024,"983,26","199,48"
22/01/2024,"1.007,83","201,97"
23/01/2024,"1.015,15","204,83"
24/01/2024,"994,61","201,62"
25/01/2024,"986,11","200,39"
26/01/2024,"1.010,84","205,79"
29/01/2024,"1.004,93","202,98"
30/01/2024,"1.018,78","206,06"
31/01/2024,"1.018,13","205,81"
01/02/2024,"1.013,29","206,16"
02/02/2024,"1.014,93","204,33"
05/02/2024,"1.010,85","202,94"
06/02/2024,"1.001,29","201,83"
07/02/2024,"1.015,99","204,55"
08/02/2024,"1.011,09","202,58"
09/02/2024,"1.027,90","207,32"
14/02/2024,"1.003,67","201,95"
15/02/2024,"1.010,90","203,44"
16/02/2024,"1.013,91","204,17"
19/02/2024,"1.016,28","204,81"
20/02/2024,"1.017,63","206,42"
21/02/2024,"1.019,71","206,42"
22/02/2024,"1.002,32","202,49"
23/02/2024,"995,67","199,61"
26/02/2024,"992,26","199,37"
27/02/2024,"996,92","202,01"
28/02/2024,"996,86","200,54"
29/02/2024,"1.007,27","202,55"
01/03/2024,"996,52","201,20"
04/03/2024,"1.015,63","205,30"
05/03/2024,"1.006,64","203,20"
06/03/2024,"1.010,34","204,32"
07/03/2024,"1.039,45","210,59"
08/03/2024,"1.018,32","204,48"
11/03/2024,"1.004,75","201,96"
12/03/2024,"1.008,51","202,80"
13/03/2024,"1.004,82","202,01"
14/03/2024,"1.000,94","200,51"
15/03/2024,"1.006,16","201,43"
18/03/2024,"1.002,65","199,45"
19/03/2024,"1.003,98","199,96"
20/03/2024,"1.004,36","202,00"
21/03/2024,"1.019,97","204,81"
22/03/2024,"1.020,95","204,19"
25/03/2024,"1.020,86","205,16"
26/03/2024,"1.026,04","205,87"
27/03/2024,"1.037,78","208,39"
28/03/2024,"1.029,67","205,52"
01/04/2024,"1.044,09","206,14"
02/04/2024,"1.075,45","212,58"
03/04/2024,"1.106,64","219,61"
04/04/2024,"1.117,88","221,45"
05/04/2024,"1.139,89","225,05"
08/04/2024,"1.150,75","228,82"
09/04/2024,"1.147,66","229,12"
10/04/2024,"1.158,75","228,19"
11/04/2024,"1.183,14","232,49"
12/04/2024,"1.216,70","237,40"
15/04/2024,"1.244,88","240,05"
16/04/2024,"1.284,98","244,25"
17/04/2024,"1.342,18","256,39"
18/04/2024,"1.319,73","251,57"
19/04/2024,"1.306,60","251,51"
22/04/2024,"1.275,58","246,54"
23/04/2024,"1.249,80","243,67"
24/04/2024,"1.273,77","247,48"
25/04/2024,"1.291,88","250,12"
26/04/2024,"1.260,03","246,29"
29/04/2024,"1.277,47","249,85"
30/04/2024,"1.247,84","240,43"
02/05/2024,"1.161,95","227,25"
03/05/2024,"1.141,86","225,22"
06/05/2024,"1.098,39","216,47"
07/05/2024,"1.093,08","215,51"
08/05/2024,"1.096,61","215,28"
09/05/2024,"1.115,55","216,86"
10/05/2024,"1.125,17","218,18"
13/05/2024,"1.115,76","216,57"
14/05/2024,"1.124,78","219,21"
15/05/2024,"1.124,60","218,92"
16/05/2024,"1.124,07","219,12"
17/05/2024,"1.155,64","226,42"
20/05/2024,"1.166,14","228,25"
21/05/2024,"1.211,97","236,95"
22/05/2024,"1.240,78","240,74"
23/05/2024,"1.224,54","237,54"
24/05/2024,"1.234,07","238,56"
27/05/2024,"1.231,04","238,02"
28/05/2024,"1.300,27","251,99"
29/05/2024,"1.311,58","252,08"
31/05/2024,"1.286,07","244,64"
03/06/2024,"1.302,29","248,86"
04/06/2024,"1.339,01","253,22"
05/06/2024,"1.335,41","252,06"
06/06/2024,"1.354,85","257,82"
07/06/2024,"1.317,07","247,76"
10/06/2024,"1.324,53","247,34"
11/06/2024,"1.322,03","246,69"
12/06/2024,"1.331,66","246,24"
13/06/2024,"1.351,90","251,61"
14/06/2024,"1.340,74","249,35"
17/06/2024,"1.348,56","248,63"
18/06/2024,"1.354,53","249,27"
19/06/2024,"1.355,81","248,86"
20/06/2024,"1.374,09","253,76"
21/06/2024,"1.352,29","248,35"
24/06/2024,"1.399,25","259,41"
25/06/2024,"1.375,71","252,38"
26/06/2024,"1.365,29","247,56"
27/06/2024,"1.368,47","248,72"
28/06/2024,"1.370,81","245,31"
01/07/2024,"1.361,92","241,56"
02/07/2024,"1.382,86","244,62"
03/07/2024,"1.364,79","245,33"
04/07/2024,"1.361,59","248,28"
05/07/2024,"1.389,75","254,21"
08/07/2024,"1.402,49","256,07"
09/07/2024,"1.455,34","268,61"
10/07/2024,"1.429,22","264,03"
11/07/2024,"1.446,79","265,76"
12/07/2024,"1.460,32","268,84"
15/07/2024,"1.443,05","264,93"
16/07/2024,"1.441,85","265,39"
17/07/2024,"1.444,95","263,44"
18/07/2024,"1.451,58","260,14"
19/07/2024,"1.430,13","255,43"
22/07/2024,"1.448,80","259,92"
23/07/2024,"1.441,85","257,84"
24/07/2024,"1.417,70","250,61"
25/07/2024,"1.425,10","252,63"
26/07/2024,"1.409,05","248,86"
29/07/2024,"1.408,76","250,27"
30/07/2024,"1.419,69","252,43"
31/07/2024,"1.415,91","250,07"
01/08/2024,"1.407,69","245,37"
02/08/2024,"1.427,76","250,00"
05/08/2024,"1.413,59","246,49"
06/08/2024,"1.430,29","253,06"
07/08/2024,"1.454,52","258,58"
08/08/2024,"1.458,09","261,59"
09/08/2024,"1.402,89","254,52"
12/08/2024,"1.431,21","260,08"
13/08/2024,"1.395,71","255,77"
14/08/2024,"1.400,95","255,93"
15/08/2024,"1.408,08","256,85"
16/08/2024,"1.424,43","260,45"
19/08/2024,"1.428,43","264,03"
20/08/2024,"1.437,34","262,86"
21/08/2024,"1.437,45","262,55"
22/08/2024,"1.435,29","256,81"
23/08/2024,"1.432,53","261,55"
26/08/2024,"1.434,85","261,45"
27/08/2024,"1.459,67","265,35"
28/08/2024,"1.478,50","266,44"
29/08/2024,"1.442,72","256,76"
30/08/2024,"1.448,24","256,33"
02/09/2024,"1.444,69","257,43"
03/09/2024,"1.439,65","254,94"
04/09/2024,"1.443,45","256,07"
05/09/2024,"1.439,95","258,10"
06/09/2024,"1.413,70","252,67"
09/09/2024,"1.443,50","258,51"
10/09/2024,"1.450,29","256,37"
11/09/2024,"1.451,89","256,93"
12/09/2024,"1.468,60","261,32"
13/09/2024,"1.483,12","266,56"
16/09/2024,"1.492,24","270,58"
17/09/2024,"1.496,77","272,88"
18/09/2024,"1.494,18","274,41"
19/09/2024,"1.485,84","273,79"
20/09/2024,"1.460,14","264,57"
23/09/2024,"1.487,93","268,87"
24/09/2024,"1.507,17","276,04"
25/09/2024,"1.505,43","274,81"
26/09/2024,"1.517,34","278,56"
27/09/2024,"1.496,57","275,26"
30/09/2024,"1.504,98","275,84"
01/10/2024,"1.493,95","273,72"
02/10/2024,"1.469,65","269,81"
03/10/2024,"1.456,44","266,11"
04/10/2024,"1.457,78","266,99"
07/10/2024,"1.418,11","258,59"
08/10/2024,"1.434,01","259,22"
09/10/2024,"1.442,01","258,52"
10/10/2024,"1.476,66","264,40"
11/10/2024,"1.478,89","263,01"
14/10/2024,"1.504,25","269,43"
15/10/2024,"1.515,43","267,89"
16/10/2024,"1.522,49","268,75"
17/10/2024,"1.505,74","265,70"
18/10/2024,"1.527,54","268,41"
21/10/2024,"1.497,06","262,55"
22/10/2024,"1.497,39","262,61"
23/10/2024,"1.506,39","264,74"
24/10/2024,"1.495,43","263,47"
25/10/2024,"1.500,20","262,78"
